,标题,视频链接
0,干将和司空震新皮肤配色提示#干将 #司空震 #王者 #兜住一只捉捉,/video/7189884108196105507
1,给你在乎的他（她）准备小礼物了嘛？#王者 #兜住一只捉捉 #小英雄挂件,/video/7184007461676911912
2,小伙伴们可别忘了这个哦#干将莫邪画中仙 #兜住一只捉捉 @兜住一只捉捉（王者小店🤨）,/video/7205813180923219234
3,从画中仙开始都有捉捉的祝福语啦#干将莫邪画中仙 @兜住一只捉捉（王者小店🤨）,/video/7205802346050309411
4,画中仙是一个悲伤的故事#干将莫邪画中仙 #王者 #兜住一只捉捉,/video/7205795573440498979
5,干将莫邪画中仙来了#干将莫邪画中仙 #王者 #兜住一只捉捉,/video/7205785540233366818
6,赤刃鲨匕的配色还是很符合鲨鱼的#澜 #王者 #兜住一只捉捉,/video/7205759406091308288
7,澜星元紫金契约和星元武器柒号赤刃#澜 #王者荣耀 #兜住一只捉捉,/video/7205559058588388623
8,战令皮肤返场，新活动送皮肤。#王者 #兜住一只捉捉 #干将莫邪画中仙,/video/7205538349266783522
9,干将莫邪画中仙正式预热#干将莫邪画中仙 #王者#兜住一只捉捉,/video/7205508104933362959
10,专精装项羽这次削回血了#专精装项羽 #王者 #兜住一只捉捉,/video/7205478151294602548
11,虽是潭底剑仙，但不影响我们对他的喜爱。#李白 #王者李白上线7周年 #兜住一只捉捉,/video/7205425264325561600
12,王者战令皮肤返场规律#王者 #马可波罗暗影游猎 #兜住一只捉捉,/video/7205197714504568099
13,王者亲密称谓真的有“大冤种”了#王者 #兜住一只捉捉,/video/7205130365491498274
14,蒙犽源梦系列优秀作品#蒙犽源梦新皮肤 #王者 #兜住一只捉捉,/video/7205076107270327587
15,王者国际服正式公测时间定档#王者国际服 #王者 #兜住一只捉捉,/video/7204713115957644584
16,公孙离的二技能被暗削了#公孙离 #王者 #兜住一只捉捉,/video/7204525837977193780
17,蒙犽源梦系列优秀国风作品#蒙犽源梦系列 #王者 #兜住一只捉捉,/video/7204308842836954420
18,姬小满的小零食现在有三种了#姬小满 #新英雄姬小满 #兜住一只捉捉,/video/7203976938740862248
19,云缨的机制变了，打法更多样了。#云缨 #王者 #兜住一只捉捉,/video/7203694366685220111
20,这次云缨算是史诗加强了#云缨 #王者 #兜住一只捉捉,/video/7203654788565716258
21,有了它！连跪再也不会心情差了#解压玩具 #王者 #慢回弹,/video/7203602425888967970
44,我以为自己欧了…没想到还是太年轻#繁星吟游 #李元芳 #兜住一只捉捉,/video/7203396310261665064
45,王者买皮肤你不知道的秘密#王者 #兜住一只捉捉 @兜住一只捉捉（王者小店🤨）,/video/7203345128570866979
46,花木兰燃星之曲已经开启预定啦#花木兰燃星之曲 @兜住一只捉捉（王者小店🤨）,/video/7203249757987278115
47,花木兰燃星之曲动态半身像#花木兰燃星之曲 #兜住一只捉捉,/video/7203149723216219426
48,两款返场皮肤居然保底要200？#繁星吟游 #李元芳 #兜住一只捉捉,/video/7202961409804651811
49,王者本周返场两款皮肤和一款新皮肤#王者 #兜住一只捉捉 @兜住一只捉捉（王者小店🤨）,/video/7202942353936485667
50,花木兰燃星之曲与AOV内特效对比#花木兰燃星之曲 #王者 #兜住一只捉捉,/video/7202809902266338560
51,花木兰燃星之曲来了#花木兰燃星之曲 #王者 #兜住一只捉捉,/video/7202798449740254498
52,王者全球甄选皮肤是怎么去定义的#王者全球甄选皮肤 #王者 #兜住一只捉捉,/video/7202639187214863668
53,专精装项羽终于被削了#专精装项羽 #王者 #兜住一只捉捉,/video/7202509798762450176
86,逆光之上中英对比，大家更喜欢哪个版本？#花木兰全球甄选皮肤 #花木兰逆光之上主题曲 #兜住一只捉捉,/video/7202466984045350196
87,花木兰全球甄选正式预热#花木兰全球甄选皮肤 #王者 #兜住一只捉捉,/video/7202453802971188520
88,本周燃星之曲要来了#花木兰 #王者 #兜住一只捉捉,/video/7202441895983844608
89,李白诗剑行皮肤优化#李白诗剑行 #王者 #兜住一只捉捉,/video/7202221352462322979
90,接下来就看各位的了！#父子局 #王者 #兜住一只捉捉,/video/7202136643384446223
91,我觉得本周应该要轮到她了#王者 #兜住一只捉捉#花木兰,/video/7202128155132300584
92,丰富你的社交体验…#三街工作室 #王者 #兜住一只捉捉,/video/7202094865159589155
93,姬小满：我想吃鱼了#姬小满 #王者 #高启强来峡谷了,/video/7201820984935058728
94,姬小满这遛街台词也太可爱了#姬小满 #新英雄姬小满 #兜住一只捉捉,/video/7201470388826656040
95,王者首届星梦设计大赛即将开启#大乔猫狗日记 #王者 #兜住一只捉捉,/video/7201460890225380648
96,献祭流雅典娜大削，梦奇、元歌加强#王者体验服 #王者 #兜住一只捉捉,/video/7201069620944522536
97,这三款皮肤今天过后就不再直售返场了#王者 #兜住一只捉捉@兜住一只捉捉（王者小店🤨）,/video/7200999073581731106
98,征集的祝福语有结果啦#兜住一只捉捉 #王者 @兜住一只捉捉（王者小店🤨）,/video/7200651297958219048
99,王者第一款只上线七天的皮肤#白起乐园追猎者 #兜住一只捉捉 #捉捉的王者小店,/video/7200609293442272552
100,白起新皮肤6元结束后就不再直售了唉#王者 #兜住一只捉捉 #捉捉的王者小店,/video/7200345759261166883
101,白起新皮肤乐园追猎者#白起乐园追猎者 #王者 #兜住一只捉捉,/video/7200309828214852879
102,展现大家才华的时候到了#兜住一只捉捉 #捉捉的王者小店 @兜住一只捉捉（王者小店🤨）,/video/7200278596517104911
103,曜年限皮肤随机行走动作优化进展来了#曜苍雷引随机行走动作 #王者 #兜住一只捉捉,/video/7199961591218064655
104,王者荣耀世界最新七星剑战斗演示#王者荣耀世界 #王者 #兜住一只捉捉,/video/7199904505117396258
105,祝大家情人节快乐！#情人节快乐 #王者 #兜住一只捉捉,/video/7199693406581378338
158,蒙犽的这幅作品里的鸡还真挺帅气的#蒙犽源梦系列 #王者 #兜住一只捉捉,/video/7199528174806371624
159,花木兰新皮肤名字燃星之曲#花木兰 #王者 #兜住一只捉捉,/video/7199255544601857320
160,公孙离的花间舞要出等比手办啦#公孙离 #蒸汽眼罩 #王者,/video/7199247032429694260
161,花嫁值不值得入手？当然不值得#纯白花嫁 #王者 #兜住一只捉捉,/video/7199151835133922595
162,新英雄姬小满真的是又灵活又强#姬小满 #王者 #兜住一只捉捉,/video/7199132204260216099
163,每天花30分钟给眼睛做个蒸汽SPA吧#蒸汽眼罩 #好视力联名王者 #眼疲劳的缓解方法,/video/7198813724138802467
164,一个天幕都可以买四套情人节皮肤了#王者 #兜住一只捉捉,/video/7198734883819179279
165,新英雄姬小满详细技能介绍来啦#王者新英雄姬小满 #姬小满 #兜住一只捉捉,/video/7198529871021116687
166,武道天才姬小满技能也太炸了吧#王者新英雄姬小满 #新英雄姬小满技能 #兜住一只捉捉,/video/7198472114356194575
167,新英雄姬小满推荐路打野#新英雄姬小满 #王者新英雄姬小满 #兜住一只捉捉,/video/7198437296746581283
168,鲁班赛事星元上线，其他的海报能补一补嘛#鲁班头号选手 #王者 #兜住一只捉捉,/video/7198404905504197888
169,无限倾心活动正在逐区开放中#王者 #兜住一只捉捉,/video/7198395528118422824
170,太喜欢新英雄姬小满啦#王者新英雄姬小满 #新英雄姬小满 #王者 #兜住一只捉捉,/video/7198120958077537576
171,新英雄姬小满也太可爱了吧#新英雄姬小满 #王者新英雄姬小满 #兜住一只捉捉,/video/7198109592641867042
172,王者新英雄居然是只小熊猫？#王者新英雄 #王者 #兜住一只捉捉,/video/7198091318097136930
173,王者也可以很治愈#王者 #治愈 #兜住一只捉捉,/video/7198013969745874211
174,王者情人节主页装扮及天幕展示#王者 #兜住一只捉捉,/video/7197973380086123828
175,一个情人节…返场5个皮肤上线三个新皮肤…#王者 #虞姬项羽情人节限定皮肤 #兜住一只捉捉,/video/7197786732237032738
176,虞姬星传说无限倾慕300紫星币兑换#虞姬无限倾心皮肤 #项羽无限倾心皮肤,/video/7197777793680280866
177,项羽无限倾心来了#项羽无限倾心 #王者 #兜住一只捉捉,/video/7197771152163491107
178,我作为扁鹊玩家，带这个不过分吧！#叶黄素,/video/7201826847175216417
179,倍思蓝牙最新的Wm02真的是太香了！反正就是好用！兄弟们冲！#倍思蓝牙耳机 #蓝牙耳机 ,/video/7132411362424163616
180,不喜欢戴指套的兄弟，不用自卑！#手速粉 ,/video/7179444240043232570
181,游戏里的衣服不用洗，贵有贵的道理！—伟大的马HT#皮肤,/video/7205578352965487875
182,排位打的头晕脑胀，不如下载绿茵信仰！#绿茵信仰 #曼城正版授权 #不滚卡不费卡不删卡,/video/7205517151464131879
183,兄弟们听我一句劝，少买一个皮肤，多考一本证！#演出经纪人考试 #演出经纪人证,/video/7205169964024696102
184,完全湿透还能用，意味着可以水洗，可以水洗意味着可以重复使用！！#战熊银布指套,/video/7205032529592700199
185,退游千万别注销，虚拟财产保护法已经成效，游戏停服需要赔偿玩家,/video/7204824616806665475
186,战熊银布指套非常好用！#指套 #银布战熊指套,/video/7204439846855691523
187,难道我们都错怪策划了，因为“一鲸落，万物生”！,/video/7204102211436154116
188,连续用眼三小时记得休息下！#叶黄素,/video/7203697646291143947
189,不喜欢戴指套的兄弟一定要试下手速粉！#手速粉,/video/7203562339868642564
190,王者削弱了防沉迷系统？天游之后再没人脸识别，难道是隐藏任务？ #王者峡谷 #天游 #我要做爆款,/video/7203344078119980349
191,手速其实不是天生的，后天是可以练习的！,/video/7203263514482363660
192,王者单排15分钟都进不了游戏，天游是如何把天美一手好牌打的稀烂,/video/7202986250658254136
193,天气热起来了，散热器可以准备着了！#散热器,/video/7202828713510178080
194,你们很难想象，抖音现在可以买星星了！#陪玩,/video/7202562908637695264
195,#我的门派手游 #门派手游一周年庆 @我的门派手游 是时候开创自己的门派了！,/video/7202168167282658599
196,如果你上不去分，可能是手速不行，那就要试试这个国服手速粉！#手速粉,/video/7201067755880107296
197,连大仙都在推荐的打野扁鹊，我一年前就已经在教了，早学早上分 #王者搞笑 #教学 #出装 #扁鹊,/video/7200707322899893541
198,#行侠仗义五千年 好玩的割草小游戏，好解压～,/video/7200338290589846795
199,这次三百者也就显得很呆！#二百者也,/video/7199615829695008011
222,你永远可以相信老中1推的散热器！#散热器,/video/7199500729923538188
223,铭文系统，王者七年只改过一次，如今成了最恶心新玩家的毒瘤！ #王者峡谷 #教学 #铭文 #铭文出装,/video/7199199990449769731
224,#梦三国 #梦三国手游 #西游 这个游戏，当初有多火，你们是猜不到的！,/video/7198892433793371403
225,怎么减少操作失误，这个装备非常重要！！#战熊银布指套,/video/7197363690927164684
226,500万博主国服马超诡枪到底骗了谁？王者博主传带你了解背后故事 #博主传 #王者博主传 #诡枪,/video/7196988677464018179
227,#忘川风华录 这个游戏真太上头了，玩了两天，我对不起阿政，哈哈哈哈哈！,/video/7196606189831081228
228,天下还有这样的好事？！#英雄联盟台服 #英雄联盟国际服 #英雄联盟国际服下载,/video/7196234233419926822
229,S30赛季扁鹊最快乐的玩法难道是出肉装，肉刀打野扁鹊教学来了！ #游戏教学 #扁鹊 #出装,/video/7195879948488330556
230,手速决定着你的操作上限，意识决定你的操作下限！#手速粉,/video/7195518532522659111
231,王者公然支持劈腿行为，策划出马瑶组合的皮肤只是为了圈钱吗？ #王者搞笑 #王者峡谷,/video/7195154035001904387
264,说出来你们可能不信，这视频我过年前忘记发了…不过现在买还来得及！,/video/7195060634759777540
265,倍思蓝牙耳机，一直是YYDS，老罗看了都说了不起的产品！#倍思蓝牙耳机,/video/7191794003711364389
266,S30赛季中单扁鹊一个技能直接满血，爆法流扁鹊2.0版本教学来了！ #王者教学 #扁鹊出装,/video/7190997756016676152
267,##寒假畅玩英雄限免 终于玩到水浒英雄了！嘎嘎猛啊！@曙光英雄,/video/7190708292434349373
268,S30赛季打野扁鹊最强出装来了，学会带妹子上分，震惊妹子一整年 #国服 #上分技巧,/video/7189920195585002764
269,#哈利波特魔法觉醒 #哈利波特手游 哈利波特手游大厂产品，非常值得玩一下！,/video/7189630863641021733
270,暗黑童话，才是最好的童话，和我一起打到奥特曼！#奥特曼:集结@奥特曼：集结,/video/7189157259514203449
271,反诈：直播间2分钟骗两百，老中1为你揭秘为何王者骗子如此猖獗！ #防骗 #反诈,/video/7188530149309173024
272,如果有机会让你当奥特曼，你来不来！说实话哦！#奥特曼：集结@奥特曼：集结,/video/7188468422659870008
273,Dota打到世界第三王者博主如今怎样了，《米波传》听我慢慢分析！ #博主传记 #米波传 #老中1,/video/7188116577353551108
274,S30赛季打野扁鹊最强出装来了，40%输出同时能抗伤25%，简直离谱 #扁鹊出装 #扁鹊教学 #打野扁鹊,/video/7187727956922387749
275,提升手速的办法很简单，就是这个手速粉！#国服手速粉 ,/video/7187611571512724796
276,这个游戏的美术真的比那啥缝合怪强多了啊，被美哭了！#决战平安京 #决战平安京五周年 ,/video/7187286005064518968
277,14万粉的博主被大仙警告不要惹事，狂魔哥是人是魔听我慢慢分析！ #博主传记 #狂魔哥,/video/7186970956311579943
278,我敢说，只有你有星耀水平，这个游戏你一样可以乱杀，打起来嘎嘎爽！#决战平安京 #决战平安京五周年 ,/video/7186885133587303740
279,银布指套一直是YYDS！用过你就知道了！#战熊银布指套 ,/video/7186201522621992249
280,刷到这种直播间麻烦兄弟们点点举报！ #防骗 #防诈骗,/video/7185851265291668793
281,大冬天买散热器的都是狼人！！#散热器 ,/video/7185482198030486821
282,一个让小乔刀下做鬼也风流的男人，白给天团之青莲传听我慢慢分析 #青莲 #边闪兰陵王,/video/7185169004674256161
283,提高手速的秘诀就在这里，谁用谁知道！#手速粉 ,/video/7185053229904973115
336,S30赛季没有修改匹配机制但是游戏节奏的巨大，法师打野将成主流 #S30赛季 #匹配机制,/video/7184760757928627493
337,#魔幻卡牌新篇章 这个游戏他是真的喜欢送，太狠了…,/video/7183969697778437433
338,#魔幻卡牌新篇章 这个游戏画风绝绝子！,/video/7183543320088497445
339,他一年狂发25条骂王者的视频，老中1这一年到底干了多少缺德事？ #老中1 #年终总结 #年终报告,/video/7183259663125744935
340,狼队小胖被女友爆出不雅音频震惊网友，职业选手作风成棘手问题！,/video/7182538459150617914
341,手速粉真不是智商税，用过的就知道其中奥妙！#手速粉 ,/video/7181850109704031544
342,谁能想到李白竟成为本赛季最大毒瘤，皮肤出完胜率打野倒数第六！ #王者峡谷 #李白 #世冠皮肤,/video/7181788871129189688
343,王者直播间骗局又升级了，所有热气球直播间都是骗子，一天骗几千 #一定要看到最后 #游戏,/video/7180284656154103095
344,S30赛季王者加强情侣竟然是为了提高生育率？这个观点还有人信？ #S30赛季 #王者爱情,/video/7179909664644025658
345,这个小挂件拿来做圣诞节礼物刚刚好！#王者挂件 ,/video/7179835212770151741
346,王者下赛季会有大量玩退游，不是我们不想玩，而是我们不配玩王者 #新赛季,/video/7179573903285570874
347,王者存在一年多的重大bug至今都没有修复，有可能是策划刻意为之 #王者bug,/video/7179191229542944037
348,你们要的铭文出装来了！收藏下，迟早用得上！不用谢我，这是扁鹊玩家该做的…#铭文出装 ,/video/7178830692661464376
349,#魔域手游2 #魔域手游2重燃巅峰 这是实实在在可以搬砖的手游，你们懂我的意思吧！,/video/7178047401222065467
350,当时看到这这个事情我都惊呆了！#弱水达摩 #主播特权 ,/video/7177706180477750587
351,#魔域手游2 #魔域手游2重燃巅峰 这个20s是一秒不多，一秒不少，兄弟们预约一波！,/video/7177239578410061115
352,为什么越是到赛季末，王者的游戏环境就越垃圾，一个视频揭露真相,/video/7176983035168967992
353,鹅厂这么良心，真的是难得，兄弟们别错过了！#FIFA足球世界 #FIFA足球世界捧杯时刻 ,/video/7176652239644151077
354,帅鹊和杰7的瓜你们都吃了吗？一个事情讲明白，不要被带了节奏哦,/video/7176559034449792288
355,宝茶专属祝福语#小宝茶@小宝茶（王者小店）,/video/7203387172437691709
356,"宝茶王者小店 上架花木兰新皮肤#小宝茶 
皮肤小店：@小宝茶（王者小店）",/video/7203383401901018427
357,@小宝茶（王者小店）,/video/7203381495870786853
358,@小宝茶（王者小店）,/video/7205814482214440229
359,宝茶王者小店 可以预定干将莫邪新皮肤了@小宝茶（王者小店）,/video/7205802357802782013
360,久胜战神 画中仙 技能特效全面对比#小宝茶 @小宝茶（王者小店）,/video/7205799453209546039
361,画中仙行走动作 真的好有创意！#小宝茶 @小宝茶（王者小店）,/video/7205793167545863481
362,干将莫邪-画中仙  你觉得怎么样？#小宝茶 @小宝茶（王者小店）,/video/7205789875528879418
363,干将莫邪-画中仙 半身像和小头像#小宝茶 @小宝茶（王者小店）,/video/7205788308268420412
364,干将莫邪-画中仙 动态海报#小宝茶 @小宝茶（王者小店）,/video/7205787312683224377
365,干将莫邪-画中仙 官方版技能特效#小宝茶 @小宝茶（王者小店）,/video/7205786675279154469
366,干将莫邪-画中仙 官方版出场特效#小宝茶 @小宝茶（王者小店）,/video/7205785190940134713
367,干将莫邪-画中仙 皮肤动态半身像#小宝茶 @小宝茶（王者小店）,/video/7205760867806367035
368,干将莫邪-画中仙 皮肤专属海报#小宝茶 @小宝茶（王者小店）,/video/7205758938669698364
369,干将莫邪-画中仙 皮肤专属出场动画#小宝茶 @小宝茶（王者小店）,/video/7205757025265929531
370,柒号赤刃 赏金猎手 技能特效全面对比#小宝茶 @小宝茶（王者小店）,/video/7205567312382922040
371,明日王者更新活动全预览#小宝茶 @小宝茶（王者小店）,/video/7205562059403119909
372,澜-柒号赤刃 星元武器 你觉得怎么样？#小宝茶 @小宝茶（王者小店）,/video/7205555142173707580
373,澜-柒号赤刃 星元武器 官方版技能特效#小宝茶 @小宝茶（王者小店）,/video/7205553521708633384
374,澜-柒号赤刃 星元武器 官方版出场动画#小宝茶 @小宝茶（王者小店）,/video/7205552597455981824
375,紫金契约 赏金猎手 技能特效全面对比#小宝茶 @小宝茶（王者小店）,/video/7205551831932521765
376,澜-紫金契约 你觉得怎么样？#小宝茶 @小宝茶（王者小店）,/video/7205551453123939618
377,澜-紫金契约 半身像和小头像#小宝茶 @小宝茶（王者小店）,/video/7205550001735437583
401,澜-紫金契约 动态海报#小宝茶 @小宝茶（王者小店）,/video/7205548361632451840
402,澜-紫金契约 官方版技能特效#小宝茶 @小宝茶（王者小店）,/video/7205547674408455476
403,澜-紫金契约 官方版出场动画#小宝茶 @小宝茶（王者小店）,/video/7205546796624481595
404,干将莫邪-画中仙 皮肤宣传海报#小宝茶 @小宝茶（王者小店）,/video/7205530546007526713
405,干将莫邪-画中仙 第二个预热cg动画#小宝茶 @小宝茶（王者小店）,/video/7205528855199616293
406,干将莫邪-画中仙 品质猜测：传说限定#小宝茶 @小宝茶（王者小店）,/video/7205510120221035834
407,干将莫邪-画中仙 预热cg动画#小宝茶 @小宝茶（王者小店）,/video/7205508891315064120
408,明天下午五点到家 恢复日常更新#小宝茶 @小宝茶（王者小店）,//www.douyin.com/note/7205505890592574760
409,24号-3月2号请假 停更6天十分抱歉#小宝茶 @小宝茶（王者小店）,/video/7203396389882187065
410,1000点券试水 繁星甜梦礼包#小宝茶 @小宝茶（王者小店）,/video/7203391447708552485
411,打卡花木兰-燃星之曲#小宝茶 @小宝茶（王者小店）,/video/7203385036962385189
412,燃星之曲好礼活动  必得播报和头像框#小宝茶 @小宝茶（王者小店）,/video/7203300884120456485
413,燃星之曲排位试玩#小宝茶 @小宝茶（王者小店）,/video/7203278847574347068
414,新增头像框 无垠飞歌头像框#小宝茶 @小宝茶（王者小店）,/video/7203229782752906557
415,主页装扮非常黑#小宝茶 @小宝茶（王者小店）,/video/7203203765632044325
416,王者段位图标 老王我黑化了！#小宝茶 @小宝茶（王者小店）,/video/7203197372577500474
417,貌似限免皮肤活动 根本没有生效#小宝茶 @小宝茶（王者小店）,/video/7203190769476193592
458,花木兰-燃星之曲 专属动作·声燎星海#小宝茶 @小宝茶（王者小店）,/video/7203161690731449655
459,花木兰-燃星之曲 训练营最高技能特效#小宝茶 @小宝茶（王者小店）,/video/7203155631438646584
460,本周更新新增 皮肤套系·宇宙歌姬#小宝茶 @小宝茶（王者小店）,/video/7203154415627406651
461,花木兰-燃星之曲 皮肤动态半身像#小宝茶 @小宝茶（王者小店）,/video/7203153326546931005
462,花木兰-燃星之曲 首周最低1072点券#小宝茶 @小宝茶（王者小店）,/video/7202952602693192997
463,钻石消耗活动 必得山河星梦播报#小宝茶 @小宝茶（王者小店）,/video/7202949125137124665
464,明日王者更新活动全预览#小宝茶 @小宝茶（王者小店）,/video/7202948061079899450
465,2月24号-27号 英雄金币折扣活动#小宝茶 @小宝茶（王者小店）,/video/7202947550368927037
466,2月24号-27号 有累计充值活动#小宝茶 @小宝茶（王者小店）,/video/7202946338336640316
467,9款史诗+1款传说 可免费体验#小宝茶 @小宝茶（王者小店）,/video/7202944788948077880
468,蔡文姬-繁星吟游 24号抽奖礼包返场#小宝茶 @小宝茶（王者小店）,/video/7202943607475670330
469,李元芳-黑猫爱糖果 24号抽奖礼包返场#小宝茶 @小宝茶（王者小店）,/video/7202943474520345913
470,燕语莺啼活动 必得随机伴生皮#小宝茶 @小宝茶（王者小店）,/video/7202942146331020602
471,一款史诗+勇者 只需818点券#小宝茶 @小宝茶（王者小店）,/video/7202940426255453499
472,碎片商店更新 暗夜猫娘上架#小宝茶 @小宝茶（王者小店）,/video/7202938899721768253
473,繁星吟游 黑猫爱糖果 24号抽奖礼包返场#小宝茶 @小宝茶（王者小店）,/video/7202935378326637880
474,王者 AOV燃星之曲 技能特效全面对比#小宝茶 @小宝茶（王者小店）,/video/7202838759233129789
475,燃星之曲 冠军飞将 技能特效全面对比#小宝茶 @小宝茶（王者小店）,/video/7202829497660476727
476,燃星之曲 九霄神辉 技能特效全面对比#小宝茶 @小宝茶（王者小店）,/video/7202816679758351677
477,花木兰-燃星之曲 皮肤按键和表情包#小宝茶 @小宝茶（王者小店）,/video/7202808823319399735
538,花木兰-燃星之曲 全部皮肤台词语音#小宝茶 @小宝茶（王者小店）,/video/7202806947534359867
539,花木兰-燃星之曲 锚点最少的皮肤#小宝茶 @小宝茶（王者小店）,/video/7202805481516043579
540,花木兰-燃星之曲 你觉得怎么样？#小宝茶 @小宝茶（王者小店）,/video/7202802380591680828
541,花木兰·燃星之曲 动态皮肤海报#小宝茶 @小宝茶（王者小店）,/video/7202801865866628389
542,花木兰-燃星之曲 官方版技能特效#小宝茶 @小宝茶（王者小店）,/video/7202801439868063013
543,花木兰-燃星之曲 官方版出场动画#小宝茶 @小宝茶（王者小店）,/video/7202800107815800121
544,今晚大概率会爆料 花木兰-燃星之曲#小宝茶 @小宝茶（王者小店）,/video/7202787287745301821
545,策划近期回复 一些观众问题#小宝茶 @小宝茶（王者小店）,/video/7202559571267767611
546,近期元歌机制调整 王者策划相关回复#小宝茶 @小宝茶（王者小店）,/video/7202557322537815333
547,元歌再次调整 降低上限提高下限#小宝茶 @小宝茶（王者小店）,/video/7202553795618884924
548,#王者 #干将莫邪·画中仙 附加2次典藏夺宝和5个皮肤碎片！皮肤小店：@小鞠（王者小店）,/video/7205823833411013925
549,"干将莫邪·画中仙 已上架。#王者 附加2次夺宝/50荣耀积分 皮肤小店：@小鞠（王者小店） 
局内文字：未曾谋面的也终将会相遇，慢慢来吧 #干将莫邪",//www.douyin.com/note/7205808580631563575
550,皮肤小店：@小鞠（王者小店）,/video/7203397473153469757
551,#王者 干将莫邪·画中仙 传说限定 技能特效展示，将于本周五上线正式服…#干将莫邪 #法师,/video/7205785181100248380
552,#王者 澜·紫金契约 Hero战队星元技能特效；柒号赤刃 为橙色星元武器…#澜 #hero无畏,/video/7205554203895270715
553,王者3月2日正式服内容。#王者 干将莫邪·画中仙/蒙恬刘禅勇者返场/马可黄忠等战令返场/海都争霸模式/仲春花语/累冲/英雄对局/澜个性签名/部分优化…#干将莫邪 #蒙恬,//www.douyin.com/note/7205536291189034297
554,#王者 干将莫邪·画中仙 将于本周五0点上线正式服，妖灵志异套系 传说限定品质…#干将莫邪 #法师,/video/7205513659425033532
555,王者三位英雄强度调整。#王者 3月1日体验服调整：项羽、赵怀真、姬小满；项羽专精回复效果下调，大招CD延长了！！#项羽 #赵怀真,//www.douyin.com/note/7205479378493377853
556,#王者 梦幻联动！蒙犽的疯狂星期四和豌豆射手新皮肤设计稿，小王在小电视那边专门调侃了哈哈…#蒙犽 #豌豆射手,/video/7204726952538819899
557,#王者 现在每月都会有返场皮肤，接下来大型返场还剩这些皮肤，大家最期待哪款呢？#兰陵王 #花木兰,/video/7204397996874730809
558,#王者 夏洛特·古今物语传说皮肤，实锤会在春季期间上线，王者已经在暗示了…#夏洛特 #芈月,/video/7204034851991784760
559,#王者 云缨全面增强：二技能可改变大招朝向，连招丝滑更像刺客了，大招可以把目标推出墙体…#云缨 #赵怀真,/video/7203678759378029861
560,#王者 干将莫邪、杨玉环、公孙离、镜，四位英雄迎来限时up，档期应该都排在二月底到四月份之间…#干将莫邪 #杨玉环,/video/7203347668679068965
561,#王者 #花木兰燃星之曲 局内特效及手感评测，玩起来非常像阿轲…皮肤小店：@小鞠（王者小店）,/video/7203277876039372087
562,#王者 花木兰·燃星之曲 传说限定技能特效；星空女团系列，与王昭君星穹之声同为姐妹皮肤…#花木兰 #战士,/video/7202811273887698234
563,#王者 云中君两种形态在之后会迎来小重做，亚瑟专精装共创计划也会启动…#云中君 #亚瑟,/video/7202565301077036345
564,#王者 英雄调整：项羽专精装削弱，二技能伤害下调；元歌喜提增强，堪比小墨子；法装梦奇坦度增强…#项羽 #元歌,/video/7202556191195647293
565,#王者 个性祈愿功能常驻，以后每月都会有一两次祈愿；相比往年老皮肤返场频率会更快…#武陵仙君 #至尊宝,/video/7202200374063795516
566,#王者 花木兰·燃星之曲 会和星穹之声一样，配置了专属皮肤单曲，歌曲名叫《Time Makes Heroes》#花木兰 #王昭君,/video/7201838212753427773
567,#王者 近一两年能排上荣耀典藏的女英雄，比较看好公孙离和瑶妹，其余五位女英雄有更好的开发点…#公孙离 #瑶,/video/7201822997768867132
588,#王者 大乔·猫狗日记 连出三款星梦标签皮肤；马可/黄忠/芈月/猪八戒/公孙离/安琪拉 六款限定即将返场…#马可波罗 #大乔,/video/7201462789901143356
589,#王者 献祭流雅典娜可能要彻底无了，雅典娜又被大削弱，打野流雅典娜很无奈…#雅典娜 #项羽,/video/7201090108177632549
590,#王者 镜像对决抬了七位对抗路英雄人气，分别有#花木兰、#夏洛特、司空震、赵怀真、白起、项羽、狂铁…@小鞠（王者小店）,/video/7200717315623718200
591,#王者 白起·乐园追猎者 技能特效展示；与钟馗同为午夜乐园套系新皮肤…#白起 #坦克,/video/7200310025670118715
592,#王者 兔年限定优化：曜·苍雷引 新增行走动作；全系列骑乘时间延长；项羽·无限倾心 二技能特效丢失bug修复…#曜 #项羽,/video/7199961473542573371
593,#王者 姬小满的父亲，是位玄雍的大英雄，和蒙恬/白起 同级别；崇拜莱西奥，喜欢调侃狂铁…#姬小满 #狂铁,/video/7199597109014777149
594,#王者 花木兰·燃星之曲 预计2月17号（周五）0点上线正式服；AoV联动传说限定品质…#花木兰 #对抗路,/video/7199263299773418810
595,#王者 无限倾心祈愿池 上架了默契交锋和诸葛亮的专属回城，很可能是打算等520的时候返场…#花木兰 #诸葛亮,/video/7198871978168651045
596,#王者 项羽·无限倾心 上线首日就出现二技能特效丢失bug；项羽五款高级皮特效对比，大家觉得哪款更胜一筹？#项羽 #虞姬项羽情人节限定皮肤,/video/7198853628814183741
597,#王者 姬小满 随身携带机器人板凳，脱战自动摸鱼；行走动作十分嚣张；技能连招还特别青春！#姬小满 #火影忍者,/video/7198493950364175674
598,#王者 截至到二月份 王者今年已出了7款传说皮肤和1款星传说，大家都入手了哪些呢？#伽罗炽翼辉光 #虞姬项羽情人节限定皮肤,/video/7198479962255543608
599,#王者 新英雄·姬小满 技能效果展示；S31新赛季打野英雄 ，操作极其复杂，分为三段式强化技能，无蓝条…#姬小满 #打野,/video/7198470586593479973
600,#王者 S31新赛季新英雄·姬小满，职业定位战士，主推分路打野位；人设：爱睡觉，躺平族，年纪轻轻规划退休生活…#姬小满 #新英雄,/video/7198448933784407354
601,#王者 当前版本西楚霸王现状… #项羽 #五连绝世,/video/7198157780786695481
602,#王者 全新女英雄·姬小满 正式预热啦；是位黄发 身手敏捷的女孩子；她来自稷下学院，老夫子是她的师傅，已经上了莱西奥船…#王者新英雄姬小满 #莱西奥,/video/7198115021186960695
603,#王者 虞姬·无限倾心 局内特效评测；海报是最大的亮点，出场自带bgm，局内回城很美；技能音效和台词一般…#虞姬无限倾心 #射手,/video/7198104757205077305
604,#王者 情人节返场五款限定皮肤，小乔/周瑜·真爱花嫁、赵云龙胆、张飞虎魄、黄忠烈魂…#小乔 #赵云,/video/7197794046872538428
605,#王者 虞姬·无限倾慕 情人节限定 星传说皮肤 技能特效展示；将于2月11号上线正式服…#虞姬 #虞姬项羽情人节限定皮肤,/video/7197776019711905084
606,#王者 项羽·无限倾心 情人节限定 传说皮肤 技能特效展示，将于2月11号上线正式服；主题曲由周杰伦御用词作人黄俊郎先生作词…#项羽 #项羽虞姬情人节限定,/video/7197767971710799162
607,#王者 虞姬·无限倾心 情人节限定 传说皮肤 技能特效展示，将于2月11号上线正式服；主题曲由周杰伦御用词作人黄俊郎先生作词…#虞姬 #项羽虞姬情人节限定,/video/7197762205943647546
648,#王者 鲁班七号·头号选手 KPL赛事 战令限定星元 史诗技能特效；随KPL春季赛上线正式服…#鲁班七号 #KPL,/video/7197417418484878648
649,#王者 当项羽和虞姬的无限倾心 遇上动画电影《你的名字》是种怎样的体验？#虞姬 #项羽,/video/7197415331122531642
650,#王者 仙剑奇侠传联动计划再启，赵灵儿、林月如、阿奴、酒剑仙；五位角色的IP均已被吃鸡拿下…#和平精英 #西施,/video/7197375256028302653
651,#王者 春节档前三十名手游榜单来啦，小王一骑绝尘 断崖式拿下第一；第三名竟然是萌妹们超爱玩的…#原神 #蛋仔派对,/video/7196981403169459515
652,#王者 不会还有ios系统的玩家不知道吧，安卓玩家表示很开心@小鞠（王者小店）,/video/7196261586506403109
653,#王者 小兔市集补发通知来了，对于皮肤池不满意的玩家，可以直接忽略等王者补发…#小兔市集,/video/7195859486383361339
654,#王者 全民电竞新增“吃瓜”称号，和好姐妹完成一场对局就可以了；连胜三局解锁选手半身像！,/video/7195848092900429114
655,#王者 伽罗·炽翼辉光 上手体验；技能颜色/大招特效/台词语音 还有很大的提升空间；行走动作和二技能体验感很好…#伽罗 #射手,/video/7195585341317827896
656,#王者 伽罗·炽翼辉光 附加两次积分夺宝和5个皮肤碎片，小鞠局内文字大家喜欢吗？#伽罗 @小鞠（王者小店）,/video/7195437352557317432
657,#王者 伽罗·炽翼辉光 传说限定技能特效，伽罗化身为光翼飞龙 将于本周上线正式服…#伽罗 #射手,/video/7195128506735447351
658,#王者 伽罗·炽翼辉光 将于二月首周上线正式服，蓝标限定 传说品质，伽罗将化身为金色怪鸟…#伽罗 #射手,/video/7195082075685342523
659,#王者 赵怀真早期设计灵感 受到过一人之下 王也道长的启发；原技能是大范围的战法术士…#赵怀真 #王也,/video/7194801807057554747
660,#王者 貂蝉·遇见胡璇/安琪拉·魔法小厨娘 等十款限定皮肤，将持续返场一整年，为摘星辰音乐剧专属…#貂蝉 #安琪拉,/video/7194717882293505341
661,#王者 伽罗·炽翼辉光 将于本周上线；20位英雄 新增实体小挂件，四大美人的最受欢迎…#伽罗 #西施,/video/7194383768822631740
662,#王者 貂蝉·幻阙歌 隐藏特性，会和身后的漂浮灵一起跳电摇，全程尬舞就很魔性…#貂蝉 #花木兰,/video/7194055514865683769
663,#王者 开年首月 仅仅二十多天内，就上架了18款新皮肤，返场9款限定皮肤，大家近期都入手了哪几款呢？#孙悟空 #王者兔年限定皮肤,/video/7193675695472577850
664,#王者 张大仙、Gemini、阿三、天赐、铁跟，五位王者达人安排了荣耀积分，大家不要错过了哟…#张大仙 #阿三解说,/video/7193299659169762597
665,#王者 兔年限定首周最后一天，马可波罗玄木吟拿下销量榜首，最终王者玩家还是真香了…#马可波罗 #孙悟空,/video/7193273442731445559
666,#王者 兔年限定 移动动作缺点过于明显，持续时间短，使用操作频繁，小乔年限动作有BUG…#王者兔年限定皮肤,/video/7192521188277521723
667,#王者 新春期间 荣耀水晶三倍概率？大家都是多少次出的呢？貂蝉幻阙歌音效非常好听…#貂蝉 #荣耀水晶,/video/7191852574402776381
728,#王者 杨戬·二郎真君 会有西游联动皮肤吗？狗年限定 永曜之星值不值得入手…#杨戬 #沙悟净,/video/7191822860858543420
729,#王者 兔年限定套系，全队都还配置了行走坐骑，李信一个人有三种；山海有灵回城自带泉水闪电特效…#李信 #小乔,/video/7191433009084632378
730,#王者 小王的三弟《王者·世界》野外跑图实测来了，打斗画质没有明显翻车，非常值得期待！#曜 #王者荣耀世界,/video/7191409993583693117
731,#王者 兔年新春集卡终于开了，坚持了好几天，结果真是出乎我的预料！大家都开出什么了呢？#花木兰 #刘备,/video/7191075005659221309
732,#王者 你们的好姐妹不会还不知道，这个兔年表情雨吧，可以获得嘻哈天王、职棒王牌的史诗限定…#赵云 #项羽,/video/7191058353915825466
733,#王者 兔年除夕上午一定要和好姐妹，一起来一局无限乱斗，会出现10款史诗皮肤自选呢！#蔡文姬 #吕布,/video/7190699259111509305
734,#王者 神秘商店又来了，新增三款SNK史诗、宫本武藏地狱之眼、达摩狮子座、末日机甲等…#不知火舞 #娜可露露,/video/7190675071432674621
735,#王者 兔年好运60卡到底该怎么用？其实根本不用看阵容，你们的好姐妹看懂了吗？#王者兔年限定皮肤,/video/7190651931419823420
736,#王者 兔年摇心愿限时开放两天，之前不知道的小伙伴，现在终于有希望了…,/video/7190391925378207037
737,#王者 李信·山海 炽霜斩 值不值得入手呢？对比一念神魔的品质，大家更偏向于哪个呢…#李信 #王者兔年限定皮肤,/video/7190306588383563066
738,#王者年终盘点 “嫂子杯”22年皮肤大吐槽！ ,/video/7181754068027690297
739,#王者荣耀s26赛季 #吐槽  咱就说这主宰先锋才是中单吧？？？,/video/7053703817803599111
740,#歇后语 家人们你们要的歇后语大全来了！！！赶快收藏！,/video/7016934427154517281
741,我们都叫他干将，但谁不爱莫邪呢？ #王者干将莫邪画中仙,/video/7205840996330917176
742,你华的衣橱永远不止于王者峡谷！#蛋仔派对  #蛋仔荣耀,/video/7205171124127141159
743,#电竞老嫂子 当杨道理“不吵架”是一种什么体验？ ,/video/7203997682677845286
744,最离谱的一次返场皮肤来了！一位老嫂子勇敢的打开了他的“麦克风” #电竞老嫂子,/video/7203225798873075004
745,#王者花木兰燃星之曲 有在收敛了，看没看出来另说.....,/video/7202875975493799225
746,#超级兔子人 不能说是不熟，只能说是完全陌生！,/video/7201711900932001084
747,#队友迷惑行为 好久祸害别的博主了，今天联动的是@千丝折纸鸾--琳  ,/video/7201340725236223288
748,#王者新皮肤爆料小王，什么都限时只会害了你！ ,/video/7200675924067601701
749,#电竞老嫂子 纯路人局素材，正好是情人节搞个氛围，没有后续哈，祝大家情人节快乐！,/video/7199929354304933159
750,兄弟们，还是冲刺清北吧！ #新英雄姬小满,/video/7199191549501099325
751,#崩坏星穹铁道 #星穹铁道跃迁测试  速来！进游戏10分钟，有帅哥给你做人工呼吸！,/video/7198844481221791032
752,#虞姬无限倾心皮肤 #项羽无限倾心皮肤 虞姬做星传说，项羽做特效，小王你是懂皮肤的！,/video/7198079819559537978
753,#磬弦奏华夜  《我的千金胡桃》,/video/7197372254890528012
754,#王者吵架教学 队友：我吵的不是架，是精神状态！,/video/7196982518409628985
755,#theprofessional 黑衣大哥：我真的很需要这颗钻石！,/video/7195867276619402557
756,#伽罗炽翼辉光 这款皮肤如果是史诗，我可以说她是“太华平替”，但是传限就真的有些duck不be了！,/video/7195165118559161656
757,#磬弦奏华夜 年后打开原神的我....,/video/7194384548296150309
758,#王者吵架教学 诸葛亮：躺明白一点！ ,/video/7193548319644208417
759,#王者吵架教学吵架吵到队友喊加油是一种什么体验？ ,/video/7192789120656182583
760,#电竞老嫂子 大过年的没什么送的，给大家下个饭吧！,/video/7191692342326332675
784, #新年快乐❤兔年大吉 今年最幸运的事情，就是遇到了大家，23年我们一起加油吧！,/video/7190950431781113146
785,#兔年年限皮肤 咱说下次多几个法师吧，有点难为我了....,/video/7190304756739362086
786,小王，好兄弟！ #新皮肤爆料,/video/7189955707133824314
787,#貂蝉幻阙歌皮肤 有一种“完全不实用的美感”,/video/7189620282628377911
788,#孙悟空齐天大圣皮肤目前留给孙悟空的皮肤就只剩下斗战胜佛和石头了.....,/video/7189592289017154820
789,#王者兔限皮肤 到了老嫂子的“锐评时间”，年限标准还是非常OK的，大家酌情入手哦~！,/video/7189520259341126970
790,#王者兔年限定皮肤 咱说李信一看就是“大活儿”，瑶也是有保证了，就是有些担心曜宝和马可波罗呀！,/video/7188922905030446397
791,#神器传说之武则天皮肤 小王，请你把武则天玩家当人看！谢谢！,/video/7188083348944801063
792,#王者兔年年限皮肤 还有一周就过年了，小王搞快点！！！,/video/7187682986823781690
793,#蛋仔派对  8个人，愣是玩出来了一种几十个人的效果，别太荒谬！,/video/7187293480539016503
827,#精神状态良好 我相信赛季初，绝对不是我一个人是这样的！,/video/7186574760556465419
828,#蛋仔派对 投篮和跳舞这两关好难！你们过了吗？,/video/7186216723853430077
829,#中路现状 去你的高端局作威作福，别给我们中单玩家洗脑了！装什么装！！！,/video/7185469044919766283
830,#王者吵架教学“啊大哥好了，大哥好好打” ,/video/7184704408955981114
831,#蛋仔派对 鸡蛋鸭蛋荷包蛋，到了终点去捣蛋，游戏嘛，当然和朋友一起玩才开心呀~,/video/7184371617579961612
832,#王者海月新皮肤 盼星星盼月亮，终于盼来了10点法强！,/video/7184025532395277624
833,#电竞老嫂子 没想到，小王的策划也是卑微打工人啊....,/video/7183177721663524107
834,#铠荣耀典藏新皮肤 第一次一点更新视频，太难看了，被丑的睡不着（个人观点，也尊重大家的审美）,/video/7182992735140416825
835,#赵怀真 救命，谁来管管这个练太极了小伙子！,/video/7182867623665863997
836, #吕布fmvp皮肤 作为23年的第一款皮肤，他的反响究竟如何呢？,/video/7182478939347029309
880,#S30赛季火鹰传说 桑启赛季皮肤真的很不错，但暃的颜值也是风评受损.....,/video/7180271500610555197
881,#虞姬星传说黛羽霜翎我已经用很委婉的方式在说了....，可真的很像一个年轻少女在做老年模特啊！！！,/video/7179847989278625081
882,#王者李白诗剑行皮肤 特效是真的帅！但小王有懒也是真的偷啊！,/video/7179540601610702139
883,让我看看是谁还在赔？ #又菜又爱玩系列,/video/7178810404284517671
884,#巅峰赛现状 又想要低人一等了，去打个巅峰赛吧，那种哄着队友的感觉真着迷啊~！,/video/7177976530247617851
885,#王者墨子降魔皮肤 唐僧：悟空，帮师傅看看，到底谁是好人？,/video/7177295593696546104
886,#宫斗 王者打的我气的头晕脑胀，来玩玩宫斗吧~！,/video/7176931736998186277
887, #母爱伟大 #中单现状 《全职中单，四娃妈！》,/video/7176556386933837115
888,#李华玩家精神状态 12月，谁能拒绝打一把李华呢？,/video/7175822032947465531
889,#创客匠人 哈哈哈哈 你们一定要看到后面！,/video/7203647885349539131
890,更新一下图 想了一下 还是决定继续出掉 玩这么久热情已经所剩不多，每日的委托和活动反而成了一种负担，而且继续玩我可能氪更多的金，也算及时止损了。#原神,//www.douyin.com/note/7201506025755757828
891,王者现在就是烂就是不好玩啊。要不是没事和朋友玩几盘你们还会继续玩这个游戏吗？,/video/7092683056330345743
892,出生在哪里不是我们能选择的，认真努力生活就好了。,/video/7205544479133158671
893,回复 @AAA男士裤衩批发商司姐的评论 真羡慕你们从小就生活在大城市的人 可惜生在哪不是我能选的#火影忍者手游,/video/7205486291843173632
894,情感故事第二集,/video/7205195954478206223
895,#创客匠人 微胖流上官婉儿，真是值得试试，绝不哗众取宠！#游戏杂谈,/video/7204786335478041896
896,枷锁到底是元歌人柱力还是元歌魔怔厨呢？,/video/7204407390626712867
897,浅聊一下枷锁,/video/7204043788203937039
898,#抖音创作者激励计划官方 #阳光开朗大男孩  后面才越来越精彩 我也慢慢变成了一个…….,/video/7203709686904851773
899,#游戏杂谈 到底是谁把大家心中曾经的白月光变成了现在这样？,/video/7203334002130849064
900,你们现在每天玩王者的时间还长吗？#游戏杂谈,/video/7203283566619348276
901,项羽真的不超标呢！这个视频希望大家可以看到最后。,/video/7202921106506812712
902,策划的降智操作又来了..他真的好像不玩游戏…,/video/7202607149032295737
903,游戏赛道越来越不好干了啊,/video/7202520257636977978
904,,/video/7201875506717789497
905,#原创 能不能别可我这一只羊薅了，都快让你们薅秃了，还有别人，等我一个个收拾。,/video/7201805591147269437
906,真别拿游戏是用来快乐的来搪塞，快乐的前提是不建立在他人的痛苦上。,/video/7201326931013389602
907,又要忍受被项羽支配的恐惧了。,/video/7201072915377360163
908,你就说杂不杂吧 还有很多就不一一展示了#原神 #和平精英 #蛋仔派对 #三国杀 #火影忍者手游,/video/7200354071092546851
909,校长：听不懂，但感觉很高级。,/video/7198866650525961487
931,原神号失而复得了，强行继续旅行了。#原神,/video/7198830285956336955
932,#诸葛亮 诸葛亮真的该增强了。,/video/7198733961344879906
933,玩过的举个手，请把这个视频推给蛋仔派对玩家。#蛋仔派对 #咔咔我的小啾啾 #游戏杂谈,/video/7198435764709887247
934,"坏消息：又出皮肤了
好消息：项羽终于快削弱了！",/video/7198150762734685477
935,桥上一个赵灵儿拿把m24，我没开玩笑。#和平精英,/video/7197733279171104035
936,请把这个视频推给诸葛亮玩家。#诸葛亮荣耀典藏皮肤,/video/7197398539603905792
937,卖完皮肤就削弱，传统艺能了属于是。#项羽情人节限定皮肤,/video/7196988650373074210
938,简单分析一下为什么王者在操作上越来越“宝宝荣耀”,/video/7196133067822533888
939,#原神 #刻晴 最后一天的原神之旅,/video/7195875600236662031
940,感觉法师现在真的没什么大用啊….出梦魇工具人？,/video/7195478469491297551
972,#原神 如果在过年期间复刻夜兰和胡桃 收入能超过王者吗？,/video/7195140905991490831
973,#配音 #何立 #我有一把诡刃 #满江红,/video/7194759872615845155
974,不懂就问 李华玩家是怎么坚持到现在的？T T,/video/7194421764233989416
975,@王者荣耀石昊 @游戏解说石昊（不看美女） @问天解说（王者煮播）元芳  大家觉得这个学费贵吗？,/video/7194366314146827579
976,最后一句是精髓.,/video/7194017890461420852
977,我看谁还不玩夏侯惇！#坦克荣耀赛季,/video/7193245731765964047
978,你还挑上了,/video/7192964902670175549
979,你们喜欢今年这款齐天大圣吗？,/video/7192795791151451444
980,#貂蝉 #婉儿 容易引起貂蝉玩家不适，请谨慎观看～,/video/7192596171301588264
981,趁下一次削弱之前赶紧玩吧，削了也好，我就不用一直玩她了 T T#海月,/video/7192424378674466082
982,#王者 策划过完年赶紧回来上班把项羽给我削了！项羽荣耀！,/video/7192059745618939176
983,#王者荣耀 #盘古冰霜神祇  过年期间挂机的简直不要太多,/video/7191776523664362752
984,#火影忍者手游 #火之意志  小小的暗部决斗场 居然汇聚了卧龙凤雏两位厨师长。,/video/7190976858723257634
985,#王者荣耀 你们水晶抽的怎么样啊？皮肤买的还顺利吗？#王者兔年限定皮肤,/video/7190954854813158717
986,#少年歌行 #网剧少年歌行 这个超前点映我买的是心甘情愿啊，太爽了。,/video/7190927522471693629
987,你们过年家里有长辈一起打#王者 吗？,/video/7190671560175324431
988,#少年歌行电视剧 #雷无桀 形象灵感来源于前几天刷到的一个视频 作者名字忘了,/video/7190608272192310563
989,#火影忍者手游 #王者荣耀 #原神  只要我玩的够多 我就不会不快乐。,/video/7190321285610720512
990,1分30秒后专精项羽逐渐离谱起来….,/video/7189925459465899304
991,必须展示一下我的水门和柱间的基本功了！太多人质疑太多人嘲笑！#火影忍者手游 #飞雷神,/video/7189836489633582376
1043,#火影忍者手游 #火之意志 呜呜呜 我暗部了 有在现场的朋友吗！！,/video/7189548995222654264
1044,傻子太多…骗子都有点不够用了….,/video/7189456328274873615
1045,#火影忍者手游 #飞雷神 火影和王者的飞雷神哪个难度更高？两个游戏现在都是依托答辩。,/video/7189264035148336418
1046,#飞雷神 #火影忍者手游 #神威 硬要说像飞雷神，也是杨戬更像啊…跟镜也不像啊。,/video/7189094021493542178
1047,#火影忍者手游 #飞雷神 你们氪金最多的是哪个游戏？,/video/7188867431555681588
1048,#火影忍者手游 #飞雷神 #王者  魔怔人退退退！,/video/7188729021453176104
1049,中路玩家能不能别就知道盯着你那点线啊？！,/video/7188065956252421376
1050,咱们的侧滑大人不会真就是玩坦边的吧。。。,/video/7187377815300443432
1051,#少年歌行 #网剧少年歌行 #电视剧少年歌行 已经不想和没看过少年歌行的人说话了！,/video/7187351068907441464
1052,#王者荣耀 #露娜 #听安撞车原皮露娜 寒假了大家一定要注意小心啊！,/video/7187286151986679101
1053,女英雄们的脚，竟然都这样……,/video/6923477174561279232
1054,愿天堂没有打野！呜呜呜我哭了你们呢？#感谢抖音,/video/6857064805371596032
1055,海月背面透视镜？这些英雄被迫害曝光！ #王者 #女英雄 #海月,/video/7205132443630783799
1056,王者最实用信号大全！拿buff就是这么简单！ #王者 #小乔 #韩信,/video/7203938356433145149
1057,花木兰新皮肤隐藏赠品？我长大就成了你！ #花木兰 #蔡文姬,/video/7202919154196679994
1058,王者英雄全新建模大对比！最惨的居然是他？ #王者 #破晓 #安琪拉,/video/7202536130200259897
1059,王者那些把玩家吓哭的BUG找到了！ #王者 #戈娅 #瑶,/video/7201340826746735929
1060,王者宫斗皮肤曝光？新皮肤的创意找到了！ #王者 #白起 #白起新皮肤,/video/7200678347930651941
1061,亚瑟原始人？老英雄看见姬小满沉默了！ #姬小满 #亚瑟 #王者 #新英雄,/video/7199953608455032121
1062,只需三步！让你的王者英雄辱骂对面小技巧！ #王者 #孙悟空 #安琪拉,/video/7198743152864300344
1063,虞姬项羽情人节皮肤隐藏赠品！连孩子都有了？？ #虞姬 #项羽 #王者,/video/7198065490294492474
1064,（重发）这些英雄被设计师针对！男英雄有苦说不出！ #王者 #男英雄,/video/7197611332990962982
1065,这些英雄被设计师针对！男英雄有苦说不出！ #王者 #暃 #吕布,/video/7197334951736413451
1066,王者情侣英雄们居然有这种私密的彩蛋！！ #王者 #情侣 #彩蛋,/video/7196145598133734711
1067,伽罗新皮肤的隐藏赠品！全王者第一香！ #王者 #新皮肤 #伽罗,/video/7195426659342814521
1068,王者里那些隐藏的情侣皮肤？背地里玩很大！ #王者 #情侣,/video/7195108355889827129
1069,震惊！王者女英雄竟被设计师针对？ #王者 #女英雄,/video/7194276655999880506
1070,明日之后与小破球的梦幻联动！这就是人类在太空的新型宠物？#流浪地球2X明日之后 #流浪地球2 #明日之后第五季,/video/7189869211752172852
1071,王者野怪受欺辱？这些英雄连野怪都不放过！ #王者 #野怪,/video/7192434694284168486
1072,杨玉环全新皮肤曝光！很担心你华玩家精神状态！ #王者 #杨玉环 #春节,/video/7191321300734987552
1073,春节皮肤最详细入手指南！闭坑大全！ #王者 #新皮肤 #新年快乐,/video/7190579315870895416
1074,貂蝉典藏皮肤离异带俩娃？这么多赠品大曝光！ #貂蝉 #王者 #典藏,/video/7189904984199286055
1097,这次真的吊打典藏！李信新皮肤居然露腹肌？ #王者 #李信,/video/7189548248141483276
1098,那些超过1000天没出皮肤的英雄！扁鹊哭的很大声！ #王者 #孙悟空 ,/video/7189175098186796347
1099,见证历史！王者开辟新的至尊品质皮肤！ #王者 #武则天,/video/7188070586541755707
1100,猴子绿了？露娜被莱西奥撩得受不了... #莱西奥 #猴子 #露娜,/video/7186574815262805308
1101,新赛季那些隐藏改动？小王送传说皮肤宝箱？ #王者 #新赛季,/video/7185753836194172221
1102,新赛季的语音播报！策划带头阴阳怪气？ #新赛季 #策划,/video/7185115504745532731
1103,王者变3D游戏？莱西奥飞起来居然可以躲这些技能？ #莱西奥 #新赛季,/video/7184367021021351225
1104,神奇动物在哪里？这几个角色的原型居然是...#明日方舟,/video/7182891990097448207
1105,及格格阳了vlog！没想到她会这么细致的照顾我？#毛孩子也有高端局皮肤 #王者,/video/7182868293726817575
1106,吕布新皮肤的动作居然是跟瑶妹学的？ #吕布fmvp皮肤 #吕布 #瑶,/video/7182485354233072933
1107,白剽到底！那些不拿白不拿的道具！ #营地四周年庆,/video/7182128499585486137
1108,杨玉环100多款新皮肤曝光了！ #杨玉环,/video/7181383816978681120
1109,那些没有过审的蒙犽源梦皮肤设计！ #蒙犽 #蒙犽新皮肤,/video/7180268616170900747
1110,李白皮肤胜过典藏？居然有这么多赠品！ #李白 #王者,/video/7179493002245573945
1111,什么？王者今年出了这么多皮肤？ #2022,/video/7178804850031922443
1112,赵怀真除了挡技能！居然还可以有这些用法！ #赵怀真 #杨玉环,/video/7175363872289721604
1113,什么！王者英雄颁奖盛典已经开始了？这几个英雄居然得奖了？##王者云中英雄颁奖典礼,/video/7174682969905319205
1114,赵怀真和云缨，不为人知的私密往事.... #王者 #云缨 #赵怀真,/video/7174334953822440717
1115,这些技能赵怀真千万别挡！不然就会... #赵怀真 #王者,/video/7172767230608854285
1116,元歌新皮居然有这么多赠品？千万别错过！ #元歌 #源梦系列皮肤,/video/7172116048055897375
1159,青铜可以和王者排位？新版本的更新这么离谱？#零失误灵输出,/video/7171368585531542818
1160,上官婉儿新皮肤居然还有这么多赠品？ #上官婉儿 #新皮肤,/video/7169479273600814367
1161,新版蔡文姬不仅可以奶小兵！甚至还可以奶他们！#零失误灵输出 #蔡文姬,/video/7169148492986764584
1162,差生文具多？那些年你买过的冤种皮肤！ #王者 #新皮肤,/video/7167572057926929695
1163,三神器皮肤大曝光？狄仁杰皮肤的最深秘密！ #狄仁杰神器狴犴令,/video/7166946911675600142
1164,峡谷之最大盘点！阵亡最多的英雄果然是他？  #守卫王者快乐游戏  #王者  #鲁班  ,/video/7166189252143877407
1165,皮肤变成独立英雄？王者破晓彩蛋大曝光！#2022共创之夜 #共创之夜发布全新消息 #代号破晓全新宣传片#代号破晓,/video/7165367731846483234
1166,王者最近的新英雄内幕！三个曜加起来也不如他！ #赵怀真 #莱西奥 #王者,/video/7164974453833714980
1167,阿古朵新皮肤赠品？村长看了想打人！ #王者 #阿古朵 #无皮村,/video/7164315628508040462
1168,峡谷战力天花板回归？王者大电影新赛季上映？#王者 #王者新英雄莱西奥,/video/7163937670694014239
1221,小王这波是真的农！#鬼谷子五谷丰年 #王者荣耀,/video/7163197687985179919
1222,凭什么盾山的航天皮肤不是免费？  #一人一个动作为梦天送祝福  #盾山梦圆繁星 ,/video/7162090224552561927
1223,新版本居然能白剽70多抽？赚了赚了！#明日方舟2022感谢庆典#明日方舟叙拉古人#明日方舟,/video/7161024119880928552
1224,猴子荣耀？孙悟空到底返场了几次皮肤？ #王者 #孙悟空,/video/7161009032185089294
1225,7周年庆阵仗升级？？赠品大对比？ #王者七周年 #新皮肤,/video/7159779343445593380
1226,火属性神子？性转玄策？不知火舞新皮肤居然有这么多赠品！！ #不知火舞,/video/7159115602727013664
1227,鬼谷子七周年皮肤居然吊打典藏？  #芈月 #诸葛亮 #鬼谷子,/video/7158729274848038152
1228,王者四大美人现状！美女竟然被这样迫害！ #王昭君 #貂蝉 #西施 #杨玉环,/video/7158030649306254605
1229,顶级质量新皮肤？这几款搞快联动起来！！ #王昭君新皮肤 #貂蝉 #伽罗 ,/video/7157181612797562148
1230,王昭君新皮肤居然有这么多隐藏赠品？赚了赚了！ #王昭君新皮肤,/video/7156501646934035745
1231,王者原画不好看？那就用AI绘图重画试试！ #AI绘图 #四大美人 ,/video/7156161001300167972
1232,这几个奇怪的锚点！反而让英雄更有特色？  #吕布 #瑶 ,/video/7154584055072214285
1233,刘备新皮肤《水果齁咸》！必买的五大理由！ #王者 #刘备 #孙尚香,/video/7153579285058538759
1234,瑶才是全王者最狂的女人！姐就是女王！ #瑶 #女王 #王者,/video/7153178738908286216
1235,为什么王者出的新英雄机制越来越离谱了！？ #赵怀真 ,/video/7152451964046019872
1236,寂寞海月为何独守空房？这几个英雄戏耍海月！ #海月 #王者,/video/7151244377686297892
1237,新赛季那些反向优化！策划脑回路你不懂！ #王者 #王者策划,/video/7150502188626840868
1238,官方内涵玩家？快去看看你的赛季标签！！ #王者 #搞笑 #内涵,/video/7149759790334479620
1239,妲己新皮肤被完爆？？横向对比你就知道！ #妲己 #妲己时之奇旅,/video/7148748968049003808
1240,背诵滕王阁序全文！小王送弈星新皮肤？？？ #弈星 #弈星滕王阁序,/video/7148325995093773571
1241,以后再也不会出马超元歌这类高操作性的英雄了！,/video/7200189156591521056
1242,专精项羽全分段胜率出场率双登顶第一，这还不削弱嘛？,/video/7194950102694300931
1243,李信兔年限定皮肤，没入手的不要着急，一定要训练营先试试再考虑,/video/7190864036806855975
1244,两天九款新皮肤！小王你是要跑路了嘛？,/video/7189663487721786635
1245,李信兔年限定皮肤，质量竟远超很多荣耀典藏，不愧是压轴出场的！,/video/7189516679775325478
1246,飞雷神不应该是原神的嘛？怎么变成火影和王者的了？,/video/7189193146591382843
1247,兔年限定皮肤刚曝光，小王就被骂飞了，东方曜皮肤简直太丑了！,/video/7189032008427801912
1248,骚白狙击挑战赛竟被20国服边路黎明拿下了！30分钟太惊险刺激了！,/video/7188931868346092811
1249,飞雷神确实来自火影，但东方镜的飞雷神跟火影确并没有什么关系！,/video/7188835810416872762
1250,武则天全新品质皮肤，背后竟隐藏着小王对玩家底线的试探！,/video/7188431984270560570
1251,3.3新英雄散兵改名，大家都想好改什么吗，我先来宇宙牛批大菩萨 #原神 #散兵,/video/7174387506048142605
1252,貂蝉圣杯事件，这真的是博主能做出的事？阿乐带你了解全过程,/video/7174246178911980803
1253,最新消息！明天王者原神等网络游戏停服一天，不知兄弟们怎么安排,/video/7173526327599844638
1254,为爱冲锋的勇士事件反转，曾经的打响情场第一枪也成了笑话！,/video/7169779797621591304
1255,国服第一花木兰大瓜，两万四竟是请的演员！,/video/7169599240073760007
1256,小王要合区了？小王要凉了？,/video/7167909163887021342
1257,花木兰削弱，杨玉环加强，策划的经典操作又来了！,/video/7167404644296183077
1258,达达利亚核心机制详解，让你清楚的了解断流是什么！,/video/7167390238287990019
1259,那有什么匹配机制，你一把拿几个五杀还能赢不了？,/video/7167241879883386142
1279,穿背心做个核酸就被通报处分，简直开大眼了！,/video/7167002432168348942
1280,赖不群巅峰赛典韦事件，身份一换，奥利给给！,/video/7166798181202742541
1281,每次都要闹的沸沸扬扬了才处理？,/video/7161382139395722533
1282,只要我有这种水平，我比她还过分，这种言论太权威了,/video/7159395167907106087
1283,给你们道歉了嘛？还不原谅？笑死了！,/video/7158774107780156705
1284,明面上道歉，暗地里嘲讽，简直太会了！,/video/7158664745321581861
1285,仅仅只是因为是女玩家，所以遭受这种事就很合理？,/video/7158295623911902475
1286,仅仅只是因为是女玩家，就要遭受这种谩骂和人身攻击？,/video/7158268825610374433
1287,回应视频锤自己以后，又玩起精神胜利法？,/video/7156985962436889868
1288,恶毒绿茶女二号神子，只是开始而已！,/video/7156830550920105224
1289,真就一个宽已律已严已待人，太经典了！,/video/7156738927125187854
1290,职业中单紫幻事件，简直太孝了！,/video/7156526635448093966
1291,国服猪八戒巅峰赛被骂哭，这孙膑典型网络强者！,/video/7156487293870624004
1292,在剧情游戏里面玩剧情，这不纯纯多此一举嘛？,/video/7156427911015320868
1293,60级全图满探索度大佬手撕狂风之核，太厉害了！,/video/7156213539743550731
1294,王者大主播宣布无限期停播迟迟不复播原因，阿乐告诉你们！,/video/7155725551141997838
1295,国服马超们玩的花，普通玩家成背锅侠！,/video/7155485706469592356
1296,网络男女神文化入侵原神，脚趾尴尬的扣出一套房！,/video/7155040410157468959
1297,国服马超导播事件，现在的小年轻太会了！,/video/7154770033820830983
1298,陆少夜简直太有实力了，准备去赚园子的兄弟，看完这个视频,/video/7153594632142687496
1377,你见过第一代的橘右京吗？二技能是现在的两倍，比射手普攻还要长,/video/7205806900695305531
1378,妲己凤求凰特效曝光，昭君绿色情人节皮肤公布，下周上线镜的皮肤,/video/7205792259877408057
1379,天游又开始给玩家送皮肤了！从3号开始到31号，能必得一款皮肤,/video/7205781693301542200
1380,你见过第一代的兰陵王吗？可以同时放9个飞镖，只有老玩家才见过,/video/7205448504934698300
1381,碎片商店兑换率最低的3款皮肤，特别想要还不贵，但就不舍得兑换,/video/7205426564031434016
1382,王者官方彻底慌了！一天被曝光了半年的皮肤计划，开始清查内鬼吧,/video/7205420342532246817
1383,专坑你点券的3款限定皮肤！别看他们是限定，手感还没勇者好,/video/7205069045064944955
1384,即将上线的5款典藏皮肤！一个赛季出一个，两射手一刺客一辅助,/video/7205057565388983607
1385,16岁少年游戏内充20万，事后起诉游戏退钱，判决结果太意外了,/video/7205044136632700216
1386,差点上线的3个替代新英雄，安禄山被钟馗替代，看到榜首笑哭了,/video/7204715811586559290
1387,王者代练这次彻底完了！老马亲自请律师起诉，必须保护玩家体验,/video/7204705624804953402
1388,新装备治愈法袍曝光！攻击敌人就会生成护盾，瑶妹史诗级加强！,/video/7204691838974856459
1389,S31赛季更新时间曝光！赛季皮肤人选公布，给到了双形态刺客,/video/7204668802024410428
1390,高端局把把禁，低端局无人问津的3位英雄！练会榜首能全段位通吃,/video/7204372592399043877
1391,王者新英雄人鱼公主曝光，全新吃鸡模式上线，60点券留给杨戬,/video/7204367570189700364
1392,策划疯了吗？突然对云缨逆天加强！能无视墙体直接穿越，太离谱了,/video/7203996818026368315
1393,碎片商店确定加入新皮肤，嫦娥即将迎来重做，司空震火神皮肤曝光,/video/7203985822599662907
1394,KPL选手最不敢用的3款皮肤，皮肤自带逆风属性，很容易拖后腿,/video/7203592043732421920
1395,王者突然爆发BUG雨！皮肤无法体验不算啥，段位都变了就离谱,/video/7203574464607489317
1396,天美这次豁出去了！黑猫爱糖果竟开始免费送了，不抽奖也能获得,/video/7203556286930144572
1417,天游净给玩家出难题，六元皮肤抽奖需要两千点券，抽还是不抽啊？,/video/7203237989231643962
1418,天美的套路太深了！皮肤打包看似能省358点券，实则还是买贵了,/video/7203230044439776523
1419,皮肤碎片商店更新5小时！大批玩家傻眼，竟然一款值得换的都没有,/video/7203221895553043715
1420,今天一定要登录王者！对局就送永久皮肤宝箱，5款极品皮肤免费领,/video/7203184374760721722
1421,7年老玩家偷偷存了三张截图，放六年不舍得删，号称没几个人认识,/video/7202851110804114699
1422,亚瑟专精装即将共创，新的王者水晶皮肤曝光，云中君重做来袭,/video/7202841723221888314
1423,王者训练营首次升级！能够多人同时进入，无限火力要来了？,/video/7202826977860996409
1424,曾经百局遇不到一次，现在排位天天见的3款限定，榜首竟返场五次,/video/7202490698933865786
1425,天美数据库被黑客侵入了？一口气被曝光十款新皮肤，老马要生气了,/video/7202479285934771517
1426,王者没下限啊！夏洛特皮肤可能也是至尊品质？抽奖比武则天还要贵,/video/7202470792414727456
1427,如果王者上线视频聊天功能，能边打排位边和队友视频，你支持吗？,/video/7202448229919739193
1428,王者领到就是赚到的3款赛季皮肤，就算是让用点券买，也超值！,/video/7202122334549986597
1429,李信突然被策划加了蓝条？大批玩家强烈抵制，看到原因我怒了,/video/7202113882897370427
1430,S31赛季更新时间确定，5款新皮肤特效曝光，芈月皇后皮肤巨美,/video/7202105667065318694
1431,王者最鲜为人知的3种羁绊！最佳拍档上榜，榜首竟能给对面加伤害,/video/7201750284501126411
1432,前期是废物，后期很逆天的3位英雄！越到后期越强，一分钟强一次,/video/7201745464314694945
1433,S31赛季战令皮肤人选确定，公孙离荣耀典藏来袭，杨玉环笑了,/video/7201723831977921851
1434,手感封神，但特效极差的3款史诗！榜首定期免费送，青铜也能领,/video/7201371943461784844
1435,策划游戏水平暴露了！加强元歌遭到国服元歌集体抵制，越加强越弱,/video/7201363504455027980
1436,唯一一位不出装备，血量就能到一万的法师！还天克黄忠，完虐猴子,/video/7201000521006665015
1477,张大仙深夜登录王者，突然收到天美颁发的特殊称号，全网只此一个,/video/7200993041677602103
1478,沈梦溪KPL特效曝光，4位打野新皮肤计划公布，电玩小子免费用,/video/7200970922730196227
1479,你还记得七年前的王者吗？新手英雄并不是亚瑟，嬴政能用金币买,/video/7200630363838876987
1480,王者皮肤售卖规则突变！限定皮肤只直售一次，后续返场只能抽奖,/video/7200612301534235964
1481,王者积分夺宝奖池更换，夏洛特传说特效曝光，被动斩击特效巨帅,/video/7200592086062746917
1482,最有可能勇者升史诗的3款皮肤，全都是免费皮肤，拥有一款就赚了,/video/7200250863204453690
1483,为吸引新玩家天游拼了！每月给新手限免20款史诗，老玩家没有,/video/7200233753405345028
1484,王者世界最新实机演示公布！大批原神玩家看后想回归，老马笑了,/video/7200220915689475365
1485,王者打团最废的三位英雄！个个都是单挑王，但打团作用几乎为0,/video/7199892885611842872
1486,即将上线的3位新英雄，狂战士王翦加入档期，白龙马改成了辅助,/video/7199885226502294823
1487,王者段位图标升级，云缨幻光神枪上线时间曝光，5款限定明天下架,/video/7199849279064657212
1488,最容易被玩家忽视的3件装备，看似没一点用，实则非常的厉害,/video/7199563204010216760
1489,新英雄姬小满上线仅两天，德华就发现她最大克星，能把他打到自闭,/video/7199552388208905529
1490,公孙离荣耀典藏皮肤来袭，科技未来风风格，瑶妹新皮肤美哭,/video/7199496073910652216
1491,新英雄姬小满刚上线，小王就被达摩玩家轰炸，能连用3个达摩大招,/video/7199107564628430135
1492,特效比典藏还好的3款传说，李信双皮肤上榜，他特效和飓风号一样,/video/7198798292921224508
1493,新英雄姬小满刚上线，就遭到代号王女士抵制，后空翻太低俗,/video/7198785783870885176
1494,德华举报演员队友，零杠九竟一分没扣，事后天美紧急发放补偿礼包,/video/7198772229998529847
1495,赛事战令福利加倍！30级送KPL皮肤宝箱，电玩小子限免四个月,/video/7198747424821644582
1496,新英雄姬小满技能曝光！拥有8个技能形态，比露娜元歌还要复杂,/video/7198485765976771896
1557,玩家开科技疯狂上分，连夜打上国服后羿，第二天登录游戏傻眼了,/video/7198411988094029116
1558,最适合嘲讽的四款回城特效，战至巅峰上榜，第三个吵到人想挂机,/video/7198390917340859704
1559,限定皮肤返场规则大改，8周年庆前会返场20款限定，你想要谁的,/video/7198372457034550588
1560,怎么快速攒够300紫星币？总结三个隐藏方法，白拿虞姬星传说,/video/7198363708584725818
1561,玩家13连跪后，花光2000战令币准备退游，看到退游礼包笑了,/video/7198035439792573753
1562,如果看到对面有专精项羽，你就玩这三位战士，能把项羽克制到废！,/video/7198033805674859814
1563,皮肤兑换活动限时开启，5款限定皮肤情人节返场，张飞玩家笑了,/video/7198001825751076133
1564,时隔6个月，这3款皮肤再次上线碎片商店，有碎片一定要兑换,/video/7197990287111621944
1565,3款真正意义上的绝版皮肤，引擎之心版权不再续，榜首图标都删了,/video/7197655996083293497
1566,五款仙剑联动形象全部曝光，赵灵儿有两身装扮，酒剑仙像王者的谁,/video/7197634534710594871
1567,,/video/7205828771331476793
1568,,/video/7205825174720105787
1569,,/video/7204746929085992229
1570,,/video/7204503700092538169
1571,,/video/7203585016889101626
1572,,/video/7203225146792938808
1573,,/video/7202846763361766715
1574,,/video/7202836215412821304
1575,,/video/7202546153630551352
1576,,/video/7200972526757973304
1577,,/video/7200962143640948027
1578,,/video/7200772930488323384
1579,,/video/7200725044622871866
1580,,/video/7200349332212698427
1581,,/video/7199619301723082041
1582,,/video/7199275984158362937
1583,,/video/7198460947076222245
1584,,/video/7198150960110226725
1585,,/video/7197790580955532601
1586,,/video/7197783831330475301
1607,,/video/7197034073959779640
1608,,/video/7197027192511925541
1609,,/video/7195822006825176357
1610,,/video/7195587270257233208
1611,,/video/7195581262449429821
1612,,/video/7195423130356092217
1613,,/video/7195417741111659837
1614,,/video/7194832645493116215
1615,,/video/7194073024818138423
1616,,/video/7192956505417665852
1617,,/video/7192591661589941559
1618,,/video/7192221793816562999
1619,,/video/7191873482299346232
1620,,/video/7191490615207628089
1621,,/video/7190968679327092025
1622,,/video/7190658244296199485
1623,,/video/7190653873974021433
1624,,/video/7190356095532109115
1625,,/video/7190023599179255097
1626,,/video/7190022390628371768
1667,,/video/7189613687685057851
1668,,/video/7189609791646453050
1669,,/video/7188907372339940664
1670,,/video/7188504464326692157
1671,,/video/7188044283499253052
1672,,/video/7184679069915663671
1673,,/video/7184676380322385208
1674,,/video/7183996576073895228
1675,,/video/7183932511574166843
1676,,/video/7183629558006959415
1677,,/video/7182802569247411517
1678,,/video/7182254907200638269
1679,,/video/7182194773103594807
1680,,/video/7181889114243894586
1681,,/video/7181091091226135866
1682,,/video/7180714893258034488
1683,,/video/7180711647470767420
1684,,/video/7179970224383462712
1685,,/video/7179622135785213245
1686,,/video/7179240701782183223
1747,,/video/7179240450602044709
1748,,/video/7178123450400214272
1749,,/video/7177396859349044541
1750,,/video/7177017270349319481
1751,,/video/7177012914249862456
1752,,/video/7176644712105839931
1753,,/video/7176641782715878693
1754,,/video/7176215581341846839
1755,,/video/7175904840030145853
1756,,/video/7175495982422052153
