昆明市五华区教育局,不存在,昆明市五华区教育体育局,不存在,昆明市五华区教体局,不存在,五华区教育体育局,存在,五华区教体局,不存在
昆明市盘龙区教育局,不存在,昆明市盘龙区教育体育局,不存在,昆明市盘龙区教体局,不存在,盘龙区教育体育局,不存在,盘龙区教体局,不存在
昆明市官渡区教育局,不存在,昆明市官渡区教育体育局,不存在,昆明市官渡区教体局,不存在,官渡区教育体育局,不存在,官渡区教体局,不存在
昆明市西山区教育局,不存在,昆明市西山区教育体育局,不存在,昆明市西山区教体局,不存在,西山区教育体育局,不存在,西山区教体局,不存在
昆明市东川区教育局,不存在,昆明市东川区教育体育局,不存在,昆明市东川区教体局,不存在,东川区教育体育局,存在,东川区教体局,不存在
昆明市呈贡区教育局,不存在,昆明市呈贡区教育体育局,不存在,昆明市呈贡区教体局,不存在,呈贡区教育体育局,不存在,呈贡区教体局,不存在
昆明市晋宁区教育局,不存在,昆明市晋宁区教育体育局,不存在,昆明市晋宁区教体局,不存在,晋宁区教育体育局,不存在,晋宁区教体局,不存在
昆明市富民县教育局,不存在,昆明市富民县教育体育局,不存在,昆明市富民县教体局,不存在,富民县教育体育局,存在,富民县教体局,不存在
昆明市宜良县教育局,不存在,昆明市宜良县教育体育局,不存在,昆明市宜良县教体局,不存在,宜良县教育体育局,不存在,宜良县教体局,不存在
昆明市石林彝族自治县教育局,不存在,昆明市石林彝族自治县教育体育局,不存在,昆明市石林彝族自治县教体局,不存在,石林彝族自治县教育体育局,不存在,石林彝族自治县教体局,不存在
昆明市嵩明县教育局,不存在,昆明市嵩明县教育体育局,不存在,昆明市嵩明县教体局,不存在,嵩明县教育体育局,不存在,嵩明县教体局,不存在
昆明市禄劝彝族苗族自治县教育局,不存在,昆明市禄劝彝族苗族自治县教育体育局,不存在,昆明市禄劝彝族苗族自治县教体局,不存在,禄劝彝族苗族自治县教育体育局,不存在,禄劝彝族苗族自治县教体局,不存在
昆明市寻甸回族自治县教育局,不存在,昆明市寻甸回族自治县教育体育局,不存在,昆明市寻甸回族自治县教体局,不存在,寻甸回族自治县教育体育局,不存在,寻甸回族自治县教体局,不存在
昆明市安宁市教育局,不存在,昆明市安宁市教育体育局,不存在,昆明市安宁市教体局,不存在,安宁市教育体育局,存在,安宁市教体局,不存在
曲靖市麒麟区教育局,不存在,曲靖市麒麟区教育体育局,不存在,曲靖市麒麟区教体局,不存在,麒麟区教育体育局,不存在,麒麟区教体局,不存在
曲靖市马龙县教育局,不存在,曲靖市马龙县教育体育局,不存在,曲靖市马龙县教体局,不存在,马龙县教育体育局,不存在,马龙县教体局,不存在
曲靖市陆良县教育局,不存在,曲靖市陆良县教育体育局,不存在,曲靖市陆良县教体局,不存在,陆良县教育体育局,存在,陆良县教体局,不存在
曲靖市师宗县教育局,不存在,曲靖市师宗县教育体育局,不存在,曲靖市师宗县教体局,不存在,师宗县教育体育局,不存在,师宗县教体局,不存在
曲靖市罗平县教育局,不存在,曲靖市罗平县教育体育局,不存在,曲靖市罗平县教体局,不存在,罗平县教育体育局,不存在,罗平县教体局,不存在
曲靖市富源县教育局,不存在,曲靖市富源县教育体育局,不存在,曲靖市富源县教体局,不存在,富源县教育体育局,不存在,富源县教体局,不存在
曲靖市会泽县教育局,不存在,曲靖市会泽县教育体育局,不存在,曲靖市会泽县教体局,不存在,会泽县教育体育局,存在,会泽县教体局,不存在
曲靖市沾益县教育局,不存在,曲靖市沾益县教育体育局,不存在,曲靖市沾益县教体局,不存在,沾益县教育体育局,不存在,沾益县教体局,不存在
曲靖市宣威市教育局,不存在,曲靖市宣威市教育体育局,不存在,曲靖市宣威市教体局,不存在,宣威市教育体育局,不存在,宣威市教体局,不存在
玉溪市红塔区教育局,不存在,玉溪市红塔区教育体育局,不存在,玉溪市红塔区教体局,不存在,红塔区教育体育局,不存在,红塔区教体局,不存在
玉溪市江川区教育局,不存在,玉溪市江川区教育体育局,不存在,玉溪市江川区教体局,不存在,江川区教育体育局,不存在,江川区教体局,不存在
玉溪市澄江县教育局,不存在,玉溪市澄江县教育体育局,不存在,玉溪市澄江县教体局,不存在,澄江县教育体育局,不存在,澄江县教体局,不存在
玉溪市通海县教育局,不存在,玉溪市通海县教育体育局,不存在,玉溪市通海县教体局,不存在,通海县教育体育局,不存在,通海县教体局,不存在
玉溪市华宁县教育局,不存在,玉溪市华宁县教育体育局,不存在,玉溪市华宁县教体局,不存在,华宁县教育体育局,不存在,华宁县教体局,不存在
玉溪市易门县教育局,不存在,玉溪市易门县教育体育局,不存在,玉溪市易门县教体局,不存在,易门县教育体育局,不存在,易门县教体局,不存在
玉溪市峨山彝族自治县教育局,不存在,玉溪市峨山彝族自治县教育体育局,不存在,玉溪市峨山彝族自治县教体局,不存在,峨山彝族自治县教育体育局,不存在,峨山彝族自治县教体局,不存在
玉溪市新平彝族傣族自治县教育局,不存在,玉溪市新平彝族傣族自治县教育体育局,不存在,玉溪市新平彝族傣族自治县教体局,不存在,新平彝族傣族自治县教育体育局,不存在,新平彝族傣族自治县教体局,不存在
玉溪市元江哈尼族彝族傣族自治县教育局,不存在,玉溪市元江哈尼族彝族傣族自治县教育体育局,不存在,玉溪市元江哈尼族彝族傣族自治县教体局,不存在,元江哈尼族彝族傣族自治县教育体育局,不存在,元江哈尼族彝族傣族自治县教体局,不存在
昭通市昭阳区教育局,不存在,昭通市昭阳区教育体育局,不存在,昭通市昭阳区教体局,不存在,昭阳区教育体育局,不存在,昭阳区教体局,不存在
昭通市鲁甸县教育局,不存在,昭通市鲁甸县教育体育局,不存在,昭通市鲁甸县教体局,不存在,鲁甸县教育体育局,存在,鲁甸县教体局,不存在
昭通市巧家县教育局,不存在,昭通市巧家县教育体育局,不存在,昭通市巧家县教体局,不存在,巧家县教育体育局,不存在,巧家县教体局,不存在
昭通市盐津县教育局,不存在,昭通市盐津县教育体育局,不存在,昭通市盐津县教体局,不存在,盐津县教育体育局,存在,盐津县教体局,不存在
昭通市大关县教育局,不存在,昭通市大关县教育体育局,不存在,昭通市大关县教体局,不存在,大关县教育体育局,存在,大关县教体局,不存在
昭通市永善县教育局,不存在,昭通市永善县教育体育局,不存在,昭通市永善县教体局,不存在,永善县教育体育局,不存在,永善县教体局,不存在
昭通市绥江县教育局,不存在,昭通市绥江县教育体育局,不存在,昭通市绥江县教体局,不存在,绥江县教育体育局,不存在,绥江县教体局,不存在
昭通市镇雄县教育局,不存在,昭通市镇雄县教育体育局,不存在,昭通市镇雄县教体局,不存在,镇雄县教育体育局,存在,镇雄县教体局,不存在
昭通市彝良县教育局,不存在,昭通市彝良县教育体育局,不存在,昭通市彝良县教体局,不存在,彝良县教育体育局,存在,彝良县教体局,不存在
昭通市威信县教育局,不存在,昭通市威信县教育体育局,不存在,昭通市威信县教体局,不存在,威信县教育体育局,不存在,威信县教体局,不存在
昭通市水富县教育局,不存在,昭通市水富县教育体育局,不存在,昭通市水富县教体局,不存在,水富县教育体育局,不存在,水富县教体局,不存在
楚雄彝族自治州楚雄市教育局,不存在,楚雄彝族自治州楚雄市教育体育局,不存在,楚雄彝族自治州楚雄市教体局,不存在,楚雄市教育体育局,存在,楚雄市教体局,不存在
楚雄彝族自治州双柏县教育局,不存在,楚雄彝族自治州双柏县教育体育局,不存在,楚雄彝族自治州双柏县教体局,不存在,双柏县教育体育局,不存在,双柏县教体局,不存在
楚雄彝族自治州牟定县教育局,不存在,楚雄彝族自治州牟定县教育体育局,不存在,楚雄彝族自治州牟定县教体局,不存在,牟定县教育体育局,不存在,牟定县教体局,不存在
楚雄彝族自治州南华县教育局,不存在,楚雄彝族自治州南华县教育体育局,不存在,楚雄彝族自治州南华县教体局,不存在,南华县教育体育局,不存在,南华县教体局,不存在
楚雄彝族自治州姚安县教育局,不存在,楚雄彝族自治州姚安县教育体育局,不存在,楚雄彝族自治州姚安县教体局,不存在,姚安县教育体育局,存在,姚安县教体局,不存在
楚雄彝族自治州大姚县教育局,不存在,楚雄彝族自治州大姚县教育体育局,不存在,楚雄彝族自治州大姚县教体局,不存在,大姚县教育体育局,不存在,大姚县教体局,不存在
楚雄彝族自治州永仁县教育局,不存在,楚雄彝族自治州永仁县教育体育局,不存在,楚雄彝族自治州永仁县教体局,不存在,永仁县教育体育局,不存在,永仁县教体局,不存在
楚雄彝族自治州元谋县教育局,不存在,楚雄彝族自治州元谋县教育体育局,不存在,楚雄彝族自治州元谋县教体局,不存在,元谋县教育体育局,不存在,元谋县教体局,不存在
楚雄彝族自治州武定县教育局,不存在,楚雄彝族自治州武定县教育体育局,不存在,楚雄彝族自治州武定县教体局,不存在,武定县教育体育局,不存在,武定县教体局,不存在
楚雄彝族自治州禄丰县教育局,不存在,楚雄彝族自治州禄丰县教育体育局,不存在,楚雄彝族自治州禄丰县教体局,不存在,禄丰县教育体育局,存在,禄丰县教体局,不存在
红河哈尼族彝族自治州个旧市教育局,不存在,红河哈尼族彝族自治州个旧市教育体育局,不存在,红河哈尼族彝族自治州个旧市教体局,不存在,个旧市教育体育局,不存在,个旧市教体局,不存在
红河哈尼族彝族自治州蒙自市教育局,不存在,红河哈尼族彝族自治州蒙自市教育体育局,不存在,红河哈尼族彝族自治州蒙自市教体局,不存在,蒙自市教育体育局,存在,蒙自市教体局,不存在
红河哈尼族彝族自治州屏边苗族自治县教育局,不存在,红河哈尼族彝族自治州屏边苗族自治县教育体育局,不存在,红河哈尼族彝族自治州屏边苗族自治县教体局,不存在,屏边苗族自治县教育体育局,不存在,屏边苗族自治县教体局,不存在
红河哈尼族彝族自治州建水县教育局,不存在,红河哈尼族彝族自治州建水县教育体育局,不存在,红河哈尼族彝族自治州建水县教体局,不存在,建水县教育体育局,不存在,建水县教体局,不存在
红河哈尼族彝族自治州石屏县教育局,不存在,红河哈尼族彝族自治州石屏县教育体育局,不存在,红河哈尼族彝族自治州石屏县教体局,不存在,石屏县教育体育局,不存在,石屏县教体局,不存在
红河哈尼族彝族自治州弥勒市教育局,不存在,红河哈尼族彝族自治州弥勒市教育体育局,不存在,红河哈尼族彝族自治州弥勒市教体局,不存在,弥勒市教育体育局,不存在,弥勒市教体局,不存在
红河哈尼族彝族自治州泸西县教育局,不存在,红河哈尼族彝族自治州泸西县教育体育局,不存在,红河哈尼族彝族自治州泸西县教体局,不存在,泸西县教育体育局,存在,泸西县教体局,不存在
红河哈尼族彝族自治州元阳县教育局,不存在,红河哈尼族彝族自治州元阳县教育体育局,不存在,红河哈尼族彝族自治州元阳县教体局,不存在,元阳县教育体育局,存在,元阳县教体局,不存在
红河哈尼族彝族自治州红河县教育局,不存在,红河哈尼族彝族自治州红河县教育体育局,不存在,红河哈尼族彝族自治州红河县教体局,不存在,红河县教育体育局,不存在,红河县教体局,不存在
红河哈尼族彝族自治州金平苗族瑶族傣族自治县教育局,不存在,红河哈尼族彝族自治州金平苗族瑶族傣族自治县教育体育局,不存在,红河哈尼族彝族自治州金平苗族瑶族傣族自治县教体局,不存在,金平苗族瑶族傣族自治县教育体育局,不存在,金平苗族瑶族傣族自治县教体局,不存在
红河哈尼族彝族自治州绿春县教育局,不存在,红河哈尼族彝族自治州绿春县教育体育局,不存在,红河哈尼族彝族自治州绿春县教体局,不存在,绿春县教育体育局,存在,绿春县教体局,不存在
红河哈尼族彝族自治州河口瑶族自治县教育局,不存在,红河哈尼族彝族自治州河口瑶族自治县教育体育局,不存在,红河哈尼族彝族自治州河口瑶族自治县教体局,不存在,河口瑶族自治县教育体育局,存在,河口瑶族自治县教体局,不存在
文山壮族苗族自治州文山市教育局,不存在,文山壮族苗族自治州文山市教育体育局,不存在,文山壮族苗族自治州文山市教体局,不存在,文山市教育体育局,不存在,文山市教体局,不存在
文山壮族苗族自治州砚山县教育局,不存在,文山壮族苗族自治州砚山县教育体育局,不存在,文山壮族苗族自治州砚山县教体局,不存在,砚山县教育体育局,存在,砚山县教体局,不存在
文山壮族苗族自治州西畴县教育局,不存在,文山壮族苗族自治州西畴县教育体育局,不存在,文山壮族苗族自治州西畴县教体局,不存在,西畴县教育体育局,存在,西畴县教体局,不存在
文山壮族苗族自治州麻栗坡县教育局,不存在,文山壮族苗族自治州麻栗坡县教育体育局,不存在,文山壮族苗族自治州麻栗坡县教体局,不存在,麻栗坡县教育体育局,存在,麻栗坡县教体局,不存在
文山壮族苗族自治州马关县教育局,不存在,文山壮族苗族自治州马关县教育体育局,不存在,文山壮族苗族自治州马关县教体局,不存在,马关县教育体育局,存在,马关县教体局,不存在
文山壮族苗族自治州丘北县教育局,不存在,文山壮族苗族自治州丘北县教育体育局,不存在,文山壮族苗族自治州丘北县教体局,不存在,丘北县教育体育局,存在,丘北县教体局,不存在
文山壮族苗族自治州广南县教育局,不存在,文山壮族苗族自治州广南县教育体育局,不存在,文山壮族苗族自治州广南县教体局,不存在,广南县教育体育局,存在,广南县教体局,不存在
文山壮族苗族自治州富宁县教育局,不存在,文山壮族苗族自治州富宁县教育体育局,不存在,文山壮族苗族自治州富宁县教体局,不存在,富宁县教育体育局,存在,富宁县教体局,不存在
普洱市思茅区教育局,不存在,普洱市思茅区教育体育局,不存在,普洱市思茅区教体局,不存在,思茅区教育体育局,存在,思茅区教体局,不存在
普洱市宁洱哈尼族彝族自治县教育局,不存在,普洱市宁洱哈尼族彝族自治县教育体育局,不存在,普洱市宁洱哈尼族彝族自治县教体局,不存在,宁洱哈尼族彝族自治县教育体育局,存在,宁洱哈尼族彝族自治县教体局,不存在
普洱市墨江哈尼族自治县教育局,不存在,普洱市墨江哈尼族自治县教育体育局,不存在,普洱市墨江哈尼族自治县教体局,不存在,墨江哈尼族自治县教育体育局,不存在,墨江哈尼族自治县教体局,不存在
普洱市景东彝族自治县教育局,不存在,普洱市景东彝族自治县教育体育局,不存在,普洱市景东彝族自治县教体局,不存在,景东彝族自治县教育体育局,不存在,景东彝族自治县教体局,不存在
普洱市景谷傣族彝族自治县教育局,不存在,普洱市景谷傣族彝族自治县教育体育局,不存在,普洱市景谷傣族彝族自治县教体局,不存在,景谷傣族彝族自治县教育体育局,不存在,景谷傣族彝族自治县教体局,不存在
普洱市镇沅彝族哈尼族拉祜族自治县教育局,不存在,普洱市镇沅彝族哈尼族拉祜族自治县教育体育局,不存在,普洱市镇沅彝族哈尼族拉祜族自治县教体局,不存在,镇沅彝族哈尼族拉祜族自治县教育体育局,不存在,镇沅彝族哈尼族拉祜族自治县教体局,不存在
普洱市江城哈尼族彝族自治县教育局,不存在,普洱市江城哈尼族彝族自治县教育体育局,不存在,普洱市江城哈尼族彝族自治县教体局,不存在,江城哈尼族彝族自治县教育体育局,不存在,江城哈尼族彝族自治县教体局,不存在
普洱市孟连傣族拉祜族佤族自治县教育局,不存在,普洱市孟连傣族拉祜族佤族自治县教育体育局,不存在,普洱市孟连傣族拉祜族佤族自治县教体局,不存在,孟连傣族拉祜族佤族自治县教育体育局,不存在,孟连傣族拉祜族佤族自治县教体局,不存在
普洱市澜沧拉祜族自治县教育局,不存在,普洱市澜沧拉祜族自治县教育体育局,不存在,普洱市澜沧拉祜族自治县教体局,不存在,澜沧拉祜族自治县教育体育局,不存在,澜沧拉祜族自治县教体局,不存在
普洱市西盟佤族自治县教育局,不存在,普洱市西盟佤族自治县教育体育局,不存在,普洱市西盟佤族自治县教体局,不存在,西盟佤族自治县教育体育局,存在,西盟佤族自治县教体局,不存在
西双版纳傣族自治州景洪市教育局,不存在,西双版纳傣族自治州景洪市教育体育局,不存在,西双版纳傣族自治州景洪市教体局,不存在,景洪市教育体育局,不存在,景洪市教体局,不存在
西双版纳傣族自治州勐海县教育局,不存在,西双版纳傣族自治州勐海县教育体育局,不存在,西双版纳傣族自治州勐海县教体局,不存在,勐海县教育体育局,不存在,勐海县教体局,不存在
西双版纳傣族自治州勐腊县教育局,不存在,西双版纳傣族自治州勐腊县教育体育局,不存在,西双版纳傣族自治州勐腊县教体局,不存在,勐腊县教育体育局,不存在,勐腊县教体局,不存在
大理白族自治州大理市教育局,不存在,大理白族自治州大理市教育体育局,不存在,大理白族自治州大理市教体局,不存在,大理市教育体育局,不存在,大理市教体局,不存在
大理白族自治州漾濞彝族自治县教育局,不存在,大理白族自治州漾濞彝族自治县教育体育局,不存在,大理白族自治州漾濞彝族自治县教体局,不存在,漾濞彝族自治县教育体育局,不存在,漾濞彝族自治县教体局,不存在
大理白族自治州祥云县教育局,不存在,大理白族自治州祥云县教育体育局,不存在,大理白族自治州祥云县教体局,不存在,祥云县教育体育局,不存在,祥云县教体局,不存在
大理白族自治州宾川县教育局,不存在,大理白族自治州宾川县教育体育局,不存在,大理白族自治州宾川县教体局,不存在,宾川县教育体育局,不存在,宾川县教体局,不存在
大理白族自治州弥渡县教育局,不存在,大理白族自治州弥渡县教育体育局,不存在,大理白族自治州弥渡县教体局,不存在,弥渡县教育体育局,不存在,弥渡县教体局,不存在
大理白族自治州南涧彝族自治县教育局,不存在,大理白族自治州南涧彝族自治县教育体育局,不存在,大理白族自治州南涧彝族自治县教体局,不存在,南涧彝族自治县教育体育局,不存在,南涧彝族自治县教体局,不存在
大理白族自治州巍山彝族回族自治县教育局,不存在,大理白族自治州巍山彝族回族自治县教育体育局,不存在,大理白族自治州巍山彝族回族自治县教体局,不存在,巍山彝族回族自治县教育体育局,不存在,巍山彝族回族自治县教体局,不存在
大理白族自治州永平县教育局,不存在,大理白族自治州永平县教育体育局,不存在,大理白族自治州永平县教体局,不存在,永平县教育体育局,存在,永平县教体局,不存在
大理白族自治州云龙县教育局,不存在,大理白族自治州云龙县教育体育局,不存在,大理白族自治州云龙县教体局,不存在,云龙县教育体育局,不存在,云龙县教体局,不存在
大理白族自治州洱源县教育局,不存在,大理白族自治州洱源县教育体育局,不存在,大理白族自治州洱源县教体局,不存在,洱源县教育体育局,不存在,洱源县教体局,不存在
大理白族自治州剑川县教育局,不存在,大理白族自治州剑川县教育体育局,不存在,大理白族自治州剑川县教体局,不存在,剑川县教育体育局,不存在,剑川县教体局,不存在
大理白族自治州鹤庆县教育局,不存在,大理白族自治州鹤庆县教育体育局,不存在,大理白族自治州鹤庆县教体局,不存在,鹤庆县教育体育局,不存在,鹤庆县教体局,不存在
保山市隆阳区教育局,不存在,保山市隆阳区教育体育局,不存在,保山市隆阳区教体局,不存在,隆阳区教育体育局,不存在,隆阳区教体局,不存在
保山市施甸县教育局,不存在,保山市施甸县教育体育局,不存在,保山市施甸县教体局,不存在,施甸县教育体育局,不存在,施甸县教体局,不存在
保山市腾冲市教育局,不存在,保山市腾冲市教育体育局,不存在,保山市腾冲市教体局,不存在,腾冲市教育体育局,不存在,腾冲市教体局,不存在
保山市龙陵县教育局,不存在,保山市龙陵县教育体育局,不存在,保山市龙陵县教体局,不存在,龙陵县教育体育局,不存在,龙陵县教体局,不存在
保山市昌宁县教育局,不存在,保山市昌宁县教育体育局,不存在,保山市昌宁县教体局,不存在,昌宁县教育体育局,不存在,昌宁县教体局,不存在
德宏傣族景颇族自治州瑞丽市教育局,不存在,德宏傣族景颇族自治州瑞丽市教育体育局,不存在,德宏傣族景颇族自治州瑞丽市教体局,不存在,瑞丽市教育体育局,不存在,瑞丽市教体局,不存在
德宏傣族景颇族自治州芒市教育局,不存在,德宏傣族景颇族自治州芒市教育体育局,不存在,德宏傣族景颇族自治州芒市教体局,不存在,芒市教育体育局,不存在,芒市教体局,不存在
德宏傣族景颇族自治州梁河县教育局,不存在,德宏傣族景颇族自治州梁河县教育体育局,不存在,德宏傣族景颇族自治州梁河县教体局,不存在,梁河县教育体育局,存在,梁河县教体局,不存在
德宏傣族景颇族自治州盈江县教育局,不存在,德宏傣族景颇族自治州盈江县教育体育局,不存在,德宏傣族景颇族自治州盈江县教体局,不存在,盈江县教育体育局,存在,盈江县教体局,不存在
德宏傣族景颇族自治州陇川县教育局,不存在,德宏傣族景颇族自治州陇川县教育体育局,不存在,德宏傣族景颇族自治州陇川县教体局,不存在,陇川县教育体育局,不存在,陇川县教体局,不存在
丽江市古城区教育局,不存在,丽江市古城区教育体育局,不存在,丽江市古城区教体局,不存在,古城区教育体育局,不存在,古城区教体局,不存在
丽江市玉龙纳西族自治县教育局,不存在,丽江市玉龙纳西族自治县教育体育局,不存在,丽江市玉龙纳西族自治县教体局,不存在,玉龙纳西族自治县教育体育局,存在,玉龙纳西族自治县教体局,不存在
丽江市永胜县教育局,不存在,丽江市永胜县教育体育局,不存在,丽江市永胜县教体局,不存在,永胜县教育体育局,存在,永胜县教体局,不存在
丽江市华坪县教育局,不存在,丽江市华坪县教育体育局,不存在,丽江市华坪县教体局,不存在,华坪县教育体育局,不存在,华坪县教体局,不存在
丽江市宁蒗彝族自治县教育局,不存在,丽江市宁蒗彝族自治县教育体育局,不存在,丽江市宁蒗彝族自治县教体局,不存在,宁蒗彝族自治县教育体育局,不存在,宁蒗彝族自治县教体局,不存在
怒江傈僳族自治州泸水市教育局,不存在,怒江傈僳族自治州泸水市教育体育局,不存在,怒江傈僳族自治州泸水市教体局,不存在,泸水市教育体育局,存在,泸水市教体局,不存在
怒江傈僳族自治州福贡县教育局,不存在,怒江傈僳族自治州福贡县教育体育局,不存在,怒江傈僳族自治州福贡县教体局,不存在,福贡县教育体育局,存在,福贡县教体局,不存在
怒江傈僳族自治州贡山独龙族怒族自治县教育局,不存在,怒江傈僳族自治州贡山独龙族怒族自治县教育体育局,不存在,怒江傈僳族自治州贡山独龙族怒族自治县教体局,不存在,贡山独龙族怒族自治县教育体育局,存在,贡山独龙族怒族自治县教体局,不存在
怒江傈僳族自治州兰坪白族普米族自治县教育局,不存在,怒江傈僳族自治州兰坪白族普米族自治县教育体育局,不存在,怒江傈僳族自治州兰坪白族普米族自治县教体局,不存在,兰坪白族普米族自治县教育体育局,不存在,兰坪白族普米族自治县教体局,不存在
迪庆藏族自治州香格里拉市教育局,不存在,迪庆藏族自治州香格里拉市教育体育局,不存在,迪庆藏族自治州香格里拉市教体局,不存在,香格里拉市教育体育局,不存在,香格里拉市教体局,不存在
迪庆藏族自治州德钦县教育局,不存在,迪庆藏族自治州德钦县教育体育局,不存在,迪庆藏族自治州德钦县教体局,不存在,德钦县教育体育局,存在,德钦县教体局,不存在
迪庆藏族自治州维西傈僳族自治县教育局,不存在,迪庆藏族自治州维西傈僳族自治县教育体育局,不存在,迪庆藏族自治州维西傈僳族自治县教体局,不存在,维西傈僳族自治县教育体育局,不存在,维西傈僳族自治县教体局,不存在
临沧市临翔区教育局,不存在,临沧市临翔区教育体育局,不存在,临沧市临翔区教体局,不存在,临翔区教育体育局,不存在,临翔区教体局,不存在
临沧市凤庆县教育局,不存在,临沧市凤庆县教育体育局,不存在,临沧市凤庆县教体局,不存在,凤庆县教育体育局,存在,凤庆县教体局,不存在
临沧市云县教育局,不存在,临沧市云县教育体育局,不存在,临沧市云县教体局,不存在,云县教育体育局,存在,云县教体局,不存在
临沧市永德县教育局,不存在,临沧市永德县教育体育局,不存在,临沧市永德县教体局,不存在,永德县教育体育局,不存在,永德县教体局,不存在
临沧市镇康县教育局,不存在,临沧市镇康县教育体育局,不存在,临沧市镇康县教体局,不存在,镇康县教育体育局,不存在,镇康县教体局,不存在
临沧市双江拉祜族佤族布朗族傣族自治县教育局,不存在,临沧市双江拉祜族佤族布朗族傣族自治县教育体育局,不存在,临沧市双江拉祜族佤族布朗族傣族自治县教体局,不存在,双江拉祜族佤族布朗族傣族自治县教育体育局,不存在,双江拉祜族佤族布朗族傣族自治县教体局,不存在
临沧市耿马傣族佤族自治县教育局,不存在,临沧市耿马傣族佤族自治县教育体育局,不存在,临沧市耿马傣族佤族自治县教体局,不存在,耿马傣族佤族自治县教育体育局,不存在,耿马傣族佤族自治县教体局,不存在
临沧市沧源佤族自治县教育局,不存在,临沧市沧源佤族自治县教育体育局,不存在,临沧市沧源佤族自治县教体局,不存在,沧源佤族自治县教育体育局,不存在,沧源佤族自治县教体局,不存在
西安市新城区教育局,不存在,西安市新城区教育体育局,不存在,西安市新城区教体局,不存在,新城区教育体育局,不存在,新城区教体局,不存在
西安市碑林区教育局,不存在,西安市碑林区教育体育局,不存在,西安市碑林区教体局,不存在,碑林区教育体育局,不存在,碑林区教体局,不存在
西安市莲湖区教育局,不存在,西安市莲湖区教育体育局,不存在,西安市莲湖区教体局,不存在,莲湖区教育体育局,不存在,莲湖区教体局,不存在
西安市灞桥区教育局,不存在,西安市灞桥区教育体育局,不存在,西安市灞桥区教体局,不存在,灞桥区教育体育局,不存在,灞桥区教体局,不存在
西安市未央区教育局,不存在,西安市未央区教育体育局,不存在,西安市未央区教体局,不存在,未央区教育体育局,不存在,未央区教体局,不存在
西安市雁塔区教育局,不存在,西安市雁塔区教育体育局,不存在,西安市雁塔区教体局,不存在,雁塔区教育体育局,不存在,雁塔区教体局,不存在
西安市阎良区教育局,不存在,西安市阎良区教育体育局,不存在,西安市阎良区教体局,不存在,阎良区教育体育局,不存在,阎良区教体局,不存在
西安市临潼区教育局,不存在,西安市临潼区教育体育局,不存在,西安市临潼区教体局,不存在,临潼区教育体育局,不存在,临潼区教体局,不存在
西安市长安区教育局,不存在,西安市长安区教育体育局,不存在,西安市长安区教体局,不存在,长安区教育体育局,不存在,长安区教体局,不存在
西安市高陵区教育局,不存在,西安市高陵区教育体育局,不存在,西安市高陵区教体局,不存在,高陵区教育体育局,不存在,高陵区教体局,不存在
西安市邑区教育局,不存在,西安市邑区教育体育局,不存在,西安市邑区教体局,不存在,邑区教育体育局,不存在,邑区教体局,不存在
西安市周至县教育局,不存在,西安市周至县教育体育局,不存在,西安市周至县教体局,不存在,周至县教育体育局,不存在,周至县教体局,不存在
西安市蓝田县教育局,不存在,西安市蓝田县教育体育局,不存在,西安市蓝田县教体局,不存在,蓝田县教育体育局,不存在,蓝田县教体局,不存在
铜川市王益区教育局,不存在,铜川市王益区教育体育局,不存在,铜川市王益区教体局,不存在,王益区教育体育局,不存在,王益区教体局,不存在
铜川市印台区教育局,不存在,铜川市印台区教育体育局,不存在,铜川市印台区教体局,不存在,印台区教育体育局,不存在,印台区教体局,不存在
铜川市耀州区教育局,不存在,铜川市耀州区教育体育局,不存在,铜川市耀州区教体局,不存在,耀州区教育体育局,不存在,耀州区教体局,不存在
铜川市宜君县教育局,不存在,铜川市宜君县教育体育局,不存在,铜川市宜君县教体局,不存在,宜君县教育体育局,不存在,宜君县教体局,不存在
宝鸡市渭滨区教育局,不存在,宝鸡市渭滨区教育体育局,不存在,宝鸡市渭滨区教体局,不存在,渭滨区教育体育局,不存在,渭滨区教体局,不存在
宝鸡市金台区教育局,不存在,宝鸡市金台区教育体育局,不存在,宝鸡市金台区教体局,不存在,金台区教育体育局,不存在,金台区教体局,不存在
宝鸡市陈仓区教育局,不存在,宝鸡市陈仓区教育体育局,不存在,宝鸡市陈仓区教体局,不存在,陈仓区教育体育局,不存在,陈仓区教体局,不存在
宝鸡市凤翔县教育局,不存在,宝鸡市凤翔县教育体育局,不存在,宝鸡市凤翔县教体局,不存在,凤翔县教育体育局,不存在,凤翔县教体局,不存在
宝鸡市岐山县教育局,不存在,宝鸡市岐山县教育体育局,不存在,宝鸡市岐山县教体局,不存在,岐山县教育体育局,不存在,岐山县教体局,不存在
宝鸡市扶风县教育局,不存在,宝鸡市扶风县教育体育局,不存在,宝鸡市扶风县教体局,不存在,扶风县教育体育局,不存在,扶风县教体局,不存在
宝鸡市眉县教育局,不存在,宝鸡市眉县教育体育局,不存在,宝鸡市眉县教体局,不存在,眉县教育体育局,不存在,眉县教体局,不存在
宝鸡市陇县教育局,不存在,宝鸡市陇县教育体育局,不存在,宝鸡市陇县教体局,不存在,陇县教育体育局,不存在,陇县教体局,不存在
宝鸡市千阳县教育局,不存在,宝鸡市千阳县教育体育局,不存在,宝鸡市千阳县教体局,不存在,千阳县教育体育局,不存在,千阳县教体局,不存在
宝鸡市麟游县教育局,不存在,宝鸡市麟游县教育体育局,不存在,宝鸡市麟游县教体局,不存在,麟游县教育体育局,不存在,麟游县教体局,不存在
宝鸡市凤县教育局,不存在,宝鸡市凤县教育体育局,不存在,宝鸡市凤县教体局,不存在,凤县教育体育局,不存在,凤县教体局,不存在
宝鸡市太白县教育局,不存在,宝鸡市太白县教育体育局,不存在,宝鸡市太白县教体局,不存在,太白县教育体育局,不存在,太白县教体局,不存在
咸阳市秦都区教育局,不存在,咸阳市秦都区教育体育局,不存在,咸阳市秦都区教体局,不存在,秦都区教育体育局,不存在,秦都区教体局,不存在
咸阳市杨陵区教育局,不存在,咸阳市杨陵区教育体育局,不存在,咸阳市杨陵区教体局,不存在,杨陵区教育体育局,不存在,杨陵区教体局,不存在
咸阳市渭城区教育局,不存在,咸阳市渭城区教育体育局,不存在,咸阳市渭城区教体局,不存在,渭城区教育体育局,不存在,渭城区教体局,不存在
咸阳市三原县教育局,不存在,咸阳市三原县教育体育局,不存在,咸阳市三原县教体局,不存在,三原县教育体育局,不存在,三原县教体局,不存在
咸阳市泾阳县教育局,不存在,咸阳市泾阳县教育体育局,不存在,咸阳市泾阳县教体局,不存在,泾阳县教育体育局,不存在,泾阳县教体局,不存在
咸阳市乾县教育局,不存在,咸阳市乾县教育体育局,不存在,咸阳市乾县教体局,不存在,乾县教育体育局,不存在,乾县教体局,不存在
咸阳市礼泉县教育局,不存在,咸阳市礼泉县教育体育局,不存在,咸阳市礼泉县教体局,不存在,礼泉县教育体育局,不存在,礼泉县教体局,不存在
咸阳市永寿县教育局,不存在,咸阳市永寿县教育体育局,不存在,咸阳市永寿县教体局,不存在,永寿县教育体育局,不存在,永寿县教体局,不存在
咸阳市彬县教育局,不存在,咸阳市彬县教育体育局,不存在,咸阳市彬县教体局,不存在,彬县教育体育局,不存在,彬县教体局,不存在
咸阳市长武县教育局,不存在,咸阳市长武县教育体育局,不存在,咸阳市长武县教体局,不存在,长武县教育体育局,不存在,长武县教体局,不存在
咸阳市旬邑县教育局,不存在,咸阳市旬邑县教育体育局,不存在,咸阳市旬邑县教体局,不存在,旬邑县教育体育局,不存在,旬邑县教体局,不存在
咸阳市淳化县教育局,不存在,咸阳市淳化县教育体育局,不存在,咸阳市淳化县教体局,不存在,淳化县教育体育局,不存在,淳化县教体局,不存在
咸阳市武功县教育局,不存在,咸阳市武功县教育体育局,不存在,咸阳市武功县教体局,不存在,武功县教育体育局,不存在,武功县教体局,不存在
咸阳市兴平市教育局,不存在,咸阳市兴平市教育体育局,不存在,咸阳市兴平市教体局,不存在,兴平市教育体育局,不存在,兴平市教体局,不存在
渭南市临渭区教育局,不存在,渭南市临渭区教育体育局,不存在,渭南市临渭区教体局,不存在,临渭区教育体育局,不存在,临渭区教体局,不存在
渭南市华州区教育局,不存在,渭南市华州区教育体育局,不存在,渭南市华州区教体局,不存在,华州区教育体育局,不存在,华州区教体局,不存在
渭南市潼关县教育局,不存在,渭南市潼关县教育体育局,不存在,渭南市潼关县教体局,不存在,潼关县教育体育局,不存在,潼关县教体局,不存在
渭南市大荔县教育局,不存在,渭南市大荔县教育体育局,不存在,渭南市大荔县教体局,不存在,大荔县教育体育局,不存在,大荔县教体局,不存在
渭南市合阳县教育局,不存在,渭南市合阳县教育体育局,不存在,渭南市合阳县教体局,不存在,合阳县教育体育局,不存在,合阳县教体局,不存在
渭南市澄城县教育局,不存在,渭南市澄城县教育体育局,不存在,渭南市澄城县教体局,不存在,澄城县教育体育局,不存在,澄城县教体局,不存在
渭南市蒲城县教育局,不存在,渭南市蒲城县教育体育局,不存在,渭南市蒲城县教体局,不存在,蒲城县教育体育局,不存在,蒲城县教体局,不存在
渭南市白水县教育局,不存在,渭南市白水县教育体育局,不存在,渭南市白水县教体局,不存在,白水县教育体育局,不存在,白水县教体局,不存在
渭南市富平县教育局,不存在,渭南市富平县教育体育局,不存在,渭南市富平县教体局,不存在,富平县教育体育局,不存在,富平县教体局,不存在
渭南市韩城市教育局,不存在,渭南市韩城市教育体育局,不存在,渭南市韩城市教体局,不存在,韩城市教育体育局,不存在,韩城市教体局,不存在
渭南市华阴市教育局,不存在,渭南市华阴市教育体育局,不存在,渭南市华阴市教体局,不存在,华阴市教育体育局,不存在,华阴市教体局,不存在
延安市宝塔区教育局,不存在,延安市宝塔区教育体育局,不存在,延安市宝塔区教体局,不存在,宝塔区教育体育局,不存在,宝塔区教体局,不存在
延安市安塞区教育局,不存在,延安市安塞区教育体育局,不存在,延安市安塞区教体局,不存在,安塞区教育体育局,不存在,安塞区教体局,不存在
延安市延长县教育局,不存在,延安市延长县教育体育局,不存在,延安市延长县教体局,不存在,延长县教育体育局,不存在,延长县教体局,不存在
延安市延川县教育局,不存在,延安市延川县教育体育局,不存在,延安市延川县教体局,不存在,延川县教育体育局,不存在,延川县教体局,不存在
延安市子长县教育局,不存在,延安市子长县教育体育局,不存在,延安市子长县教体局,不存在,子长县教育体育局,不存在,子长县教体局,不存在
延安市志丹县教育局,不存在,延安市志丹县教育体育局,不存在,延安市志丹县教体局,不存在,志丹县教育体育局,不存在,志丹县教体局,不存在
延安市吴旗县教育局,不存在,延安市吴旗县教育体育局,不存在,延安市吴旗县教体局,不存在,吴旗县教育体育局,不存在,吴旗县教体局,不存在
延安市甘泉县教育局,不存在,延安市甘泉县教育体育局,不存在,延安市甘泉县教体局,不存在,甘泉县教育体育局,不存在,甘泉县教体局,不存在
延安市富县教育局,不存在,延安市富县教育体育局,不存在,延安市富县教体局,不存在,富县教育体育局,不存在,富县教体局,不存在
延安市洛川县教育局,不存在,延安市洛川县教育体育局,不存在,延安市洛川县教体局,不存在,洛川县教育体育局,不存在,洛川县教体局,不存在
延安市宜川县教育局,不存在,延安市宜川县教育体育局,不存在,延安市宜川县教体局,不存在,宜川县教育体育局,不存在,宜川县教体局,不存在
延安市黄龙县教育局,不存在,延安市黄龙县教育体育局,不存在,延安市黄龙县教体局,不存在,黄龙县教育体育局,不存在,黄龙县教体局,不存在
延安市黄陵县教育局,不存在,延安市黄陵县教育体育局,不存在,延安市黄陵县教体局,不存在,黄陵县教育体育局,不存在,黄陵县教体局,不存在
汉中市汉台区教育局,不存在,汉中市汉台区教育体育局,存在,汉中市汉台区教体局,不存在,汉台区教育体育局,不存在,汉台区教体局,不存在
汉中市南郑区教育局,不存在,汉中市南郑区教育体育局,不存在,汉中市南郑区教体局,不存在,南郑区教育体育局,不存在,南郑区教体局,不存在
汉中市城固县教育局,不存在,汉中市城固县教育体育局,不存在,汉中市城固县教体局,不存在,城固县教育体育局,不存在,城固县教体局,不存在
汉中市洋县教育局,不存在,汉中市洋县教育体育局,不存在,汉中市洋县教体局,不存在,洋县教育体育局,不存在,洋县教体局,不存在
汉中市西乡县教育局,不存在,汉中市西乡县教育体育局,不存在,汉中市西乡县教体局,不存在,西乡县教育体育局,不存在,西乡县教体局,不存在
汉中市勉县教育局,不存在,汉中市勉县教育体育局,不存在,汉中市勉县教体局,不存在,勉县教育体育局,不存在,勉县教体局,不存在
汉中市宁强县教育局,不存在,汉中市宁强县教育体育局,不存在,汉中市宁强县教体局,不存在,宁强县教育体育局,不存在,宁强县教体局,不存在
汉中市略阳县教育局,不存在,汉中市略阳县教育体育局,不存在,汉中市略阳县教体局,不存在,略阳县教育体育局,不存在,略阳县教体局,不存在
汉中市镇巴县教育局,不存在,汉中市镇巴县教育体育局,不存在,汉中市镇巴县教体局,不存在,镇巴县教育体育局,不存在,镇巴县教体局,不存在
汉中市留坝县教育局,不存在,汉中市留坝县教育体育局,不存在,汉中市留坝县教体局,不存在,留坝县教育体育局,不存在,留坝县教体局,不存在
汉中市佛坪县教育局,不存在,汉中市佛坪县教育体育局,不存在,汉中市佛坪县教体局,不存在,佛坪县教育体育局,不存在,佛坪县教体局,不存在
安康市汉滨区教育局,不存在,安康市汉滨区教育体育局,不存在,安康市汉滨区教体局,不存在,汉滨区教育体育局,不存在,汉滨区教体局,不存在
安康市汉阴县教育局,不存在,安康市汉阴县教育体育局,不存在,安康市汉阴县教体局,不存在,汉阴县教育体育局,不存在,汉阴县教体局,不存在
安康市石泉县教育局,不存在,安康市石泉县教育体育局,不存在,安康市石泉县教体局,不存在,石泉县教育体育局,不存在,石泉县教体局,不存在
安康市宁陕县教育局,不存在,安康市宁陕县教育体育局,不存在,安康市宁陕县教体局,不存在,宁陕县教育体育局,不存在,宁陕县教体局,不存在
安康市紫阳县教育局,不存在,安康市紫阳县教育体育局,不存在,安康市紫阳县教体局,不存在,紫阳县教育体育局,不存在,紫阳县教体局,不存在
安康市岚皋县教育局,不存在,安康市岚皋县教育体育局,不存在,安康市岚皋县教体局,不存在,岚皋县教育体育局,不存在,岚皋县教体局,不存在
安康市平利县教育局,不存在,安康市平利县教育体育局,不存在,安康市平利县教体局,不存在,平利县教育体育局,不存在,平利县教体局,不存在
安康市镇坪县教育局,不存在,安康市镇坪县教育体育局,不存在,安康市镇坪县教体局,不存在,镇坪县教育体育局,不存在,镇坪县教体局,不存在
安康市旬阳县教育局,不存在,安康市旬阳县教育体育局,不存在,安康市旬阳县教体局,不存在,旬阳县教育体育局,不存在,旬阳县教体局,不存在
安康市白河县教育局,不存在,安康市白河县教育体育局,不存在,安康市白河县教体局,不存在,白河县教育体育局,不存在,白河县教体局,不存在
商洛市商州区教育局,不存在,商洛市商州区教育体育局,不存在,商洛市商州区教体局,不存在,商州区教育体育局,不存在,商州区教体局,不存在
商洛市洛南县教育局,不存在,商洛市洛南县教育体育局,不存在,商洛市洛南县教体局,不存在,洛南县教育体育局,不存在,洛南县教体局,不存在
商洛市丹凤县教育局,不存在,商洛市丹凤县教育体育局,不存在,商洛市丹凤县教体局,不存在,丹凤县教育体育局,不存在,丹凤县教体局,不存在
商洛市商南县教育局,不存在,商洛市商南县教育体育局,不存在,商洛市商南县教体局,不存在,商南县教育体育局,不存在,商南县教体局,不存在
商洛市山阳县教育局,不存在,商洛市山阳县教育体育局,不存在,商洛市山阳县教体局,不存在,山阳县教育体育局,不存在,山阳县教体局,不存在
商洛市镇安县教育局,不存在,商洛市镇安县教育体育局,不存在,商洛市镇安县教体局,不存在,镇安县教育体育局,不存在,镇安县教体局,不存在
商洛市柞水县教育局,不存在,商洛市柞水县教育体育局,不存在,商洛市柞水县教体局,不存在,柞水县教育体育局,不存在,柞水县教体局,不存在
榆林市榆阳区教育局,不存在,榆林市榆阳区教育体育局,不存在,榆林市榆阳区教体局,不存在,榆阳区教育体育局,不存在,榆阳区教体局,不存在
榆林市横山区教育局,不存在,榆林市横山区教育体育局,不存在,榆林市横山区教体局,不存在,横山区教育体育局,不存在,横山区教体局,不存在
榆林市神木市教育局,不存在,榆林市神木市教育体育局,不存在,榆林市神木市教体局,不存在,神木市教育体育局,不存在,神木市教体局,不存在
榆林市府谷县教育局,不存在,榆林市府谷县教育体育局,不存在,榆林市府谷县教体局,不存在,府谷县教育体育局,不存在,府谷县教体局,不存在
榆林市靖边县教育局,不存在,榆林市靖边县教育体育局,不存在,榆林市靖边县教体局,不存在,靖边县教育体育局,不存在,靖边县教体局,不存在
榆林市定边县教育局,不存在,榆林市定边县教育体育局,不存在,榆林市定边县教体局,不存在,定边县教育体育局,不存在,定边县教体局,不存在
榆林市绥德县教育局,不存在,榆林市绥德县教育体育局,不存在,榆林市绥德县教体局,不存在,绥德县教育体育局,不存在,绥德县教体局,不存在
榆林市米脂县教育局,不存在,榆林市米脂县教育体育局,不存在,榆林市米脂县教体局,不存在,米脂县教育体育局,不存在,米脂县教体局,不存在
榆林市佳县教育局,不存在,榆林市佳县教育体育局,不存在,榆林市佳县教体局,不存在,佳县教育体育局,不存在,佳县教体局,不存在
榆林市吴堡县教育局,不存在,榆林市吴堡县教育体育局,不存在,榆林市吴堡县教体局,不存在,吴堡县教育体育局,不存在,吴堡县教体局,不存在
榆林市清涧县教育局,不存在,榆林市清涧县教育体育局,不存在,榆林市清涧县教体局,不存在,清涧县教育体育局,不存在,清涧县教体局,不存在
榆林市子洲县教育局,不存在,榆林市子洲县教育体育局,不存在,榆林市子洲县教体局,不存在,子洲县教育体育局,不存在,子洲县教体局,不存在
