标题,时长,作者名称,播放量,弹幕信息,评论数
英灵之躯 击落神明！不要眨眼 你永远不知道系列到底有多少英灵！FGO五周年纪念,4:11,战场ヶ原-,3130028,4267,3109
【萌新向】动画观看指南：十分钟搞懂~,10:58,南宮安夢,241985,589,1289
史上最震撼的一场打戏！黑化—视觉盛宴！,3:49,战场ヶ原-,2216809,3474,1720
【诚实吐槽】B站评分最低的，月球遗孤/Aposdasagfdhskj,14:44,瓶子君152,1903820,10569,9788
【/吉尔伽美什/金闪闪】黄金之王【建议佩戴耳机030 】,3:30,Rokuya_啵啵啵菠萝哒,964464,5434,2023
凡人之躯 比肩英灵！五分钟带你感受士郎的封神之战！【系列HF线/终章完结纪念】,5:11,夕晖の謊言,991539,883,1443
这一刻！英灵集结！这就是的魅力！,3:16,白轻云,356500,701,879
【原神】用的方式打开原神！再来亿次！！！,4:22,一只憨憨的阿九,1246882,1781,1203
【4K120帧收藏级】自渲染 HF线最燃 黑呆vsR姐 对战,13:30,琉特Newt,233540,565,387
[/ 群像]身为剑成，血如钢铁.Unlimited Blade Work！,5:2,Chouhen君,4047062,16846,4039
【互动测试】你在中的专属职阶是什么？,4:12,不知耻の紫烟老师,1447239,9611,13836
【FGO嘉年华·1080P】/Grand Carnival OP动画公开,4:2,莉莎娜,1301387,1228,1854
史上最烧经费打戏！英灵集结！夺回我们的未来！「/Grand Order」,2:34,蓝皮君丶,1005079,1420,1011
【浅谈】系列 观看顺序,5:45,LeeAJie,704274,1979,1693
【𝟒𝐊 𝟏𝟐𝟎𝐅𝐏𝐒】/stay night Heaven&#39;s feel第二章『黑呆b叔巅峰战斗』,2:36,新漫猫,831098,1239,1330
【/曾有你的森林】谨以此片，献给所有王厨,5:23,南宮安夢,83782,400,749
【剧情向】阿尔托莉雅的救赎：Saber-梦的尽头「LAST STARDUST」,3:39,泛式,943346,4970,2741
[FGO抽卡]我可太喜欢贞德灵衣了！试水waltz池子【コスプレ/cosplay】/Grand Order,8:39,Latteらて_拿铁,338,0,22
2019.9更新【咏唱/】你们要的无限剑制（UBW）完整咏唱（红A),5:13,Joshist,2185166,3454,1336
【Animenz】Last Stardust - /stay night [Unlimited Blade Works] OST 钢琴版,6:34,Animenzzz,643093,2331,1706
【/Grand Order】此为诀别神明,5:14,花宫二橙,1014852,1440,1448
【/远坂凛】搞不懂你们为什么要抢我老婆,2:19,原肥肥,382914,706,683
【全程高燃】战火起 英灵聚 拔剑为谁战！,4:4,机智的废柴君,6489145,40529,7687
神话之战！史上天花板级别的打斗！你根本不知道FGO可以有多帅！,4:6,不太正经の有希酱,199056,215,421
【全网独家首发】天之杯III春之歌精华篇,68:39,二次元王者revolution,253833,2568,2230
【鬼灭之刃 x 】全站最还原！同步率100%【版鬼灭之刃OP】——紅蓮華·LiSA,3:22,Berta佑,508776,1665,585
【Animenz】to the beginning - /Zero S2 OP 钢琴版,4:31,Animenzzz,371815,771,1008
【/HF】间桐樱：“前辈，我……脏吗？”,5:3,秃头の舰长,34013,142,381
【】献给红A，献给凛，献给弓凛一生推的你,5:12,南宮安夢,64297,203,418
【全程高燃】神殿之下，方舟之上，皆为战场！,3:24,Fawr,54336,103,178
【/高燃混剪】宝具 开放 十三拘束解放 圆桌决议开始！,3:15,果冻lv4,866691,558,523
【AMV/FZ】切嗣的救赎【/ZERO - AKROSSCON2014】,3:51,TsukiBito牛牛,2923943,5110,7852
《/ Stay Night Heaven&#39;s Feel III》卫宫士郎 vs Berserker（射杀百头投影战）,3:56,杀意大鸽,588683,639,1958
宝具全开！史上天花板级别的打戏！！HF完结纪念！！,2:10,Ishi丶,964423,1300,956
巅峰之战！史上巅峰高燃级别打斗！！！,3:52,某科学的未来预测,446863,332,559
【7月/剧场版/4K画质】/Grand Order -终局特异点 冠位时间神殿所罗门- 正式PV【MCE汉化组/中字首发】,3:44,夏日幻听MCE,1078762,1422,3112
【最全合集】《/stay night》中文三线全流程+46结局全达成+全英灵、武器官方设定集 BY 闷骚鸵鸟,6015:45,闷骚鸵鸟,265798,11320,846
【JOJO×/Zero】卫宫家的奇妙冒险,18:55,幻氵炙,888598,2177,2197
【/高燃】此生愿追随王至世界尽头,3:49,节能的老君,496671,3482,1258
「/stay night」15周年纪念企划宣传影像,4:16,哔哩哔哩游戏中心,246599,1395,1548
前方极致盛宴！！！全英灵一秒燃爆！ GRAND ORDER四周年纪念,3:19,战场ヶ原-,1741577,2288,938
【】间桐樱生贺,32:42,卫宫桜酱,2568,20,185
前方极致盛宴！！！全英灵一秒燃爆！ GRAND ORDER四周年纪念,3:19,战场ヶ原-,1741577,2288,938
【】间桐樱生贺,32:42,卫宫桜酱,2568,20,185
【凛酱生日作】版狐狸精 （毫无鬼畜）,5:16,不的发呆仔zero,1047686,18028,1336
【/系列混剪/疯狂踩点/高燃】全程高能！！！,3:19,黑星灬乄式,321804,703,516
【动画全系列燃向混剪】群星升起之时--这就是，你和我们的，夺回未来的故事吧,4:25,卡尔的小火人,343144,1246,525
巅峰盛宴！全员开大！此为诀别神明！,2:41,永远的我的鸟笼Me,384369,473,384
【系列/AMV/伪预告】「上篇：命运」,3:33,暗猫の祝福,654630,3816,1037
【该细还得细】/EXTRA世界线的前世今生(后),28:39,削人棍专用BGM,388562,1074,3277
【FGO】为什么我的新番跟你们的不太一样,4:0,那年的黄昏,252731,1359,291
「/stay night UBW」#20 插曲 Aimer「Last Stardust」(更新B站字幕版),8:40,Rin_kana373,1053807,7090,1606
最燃的10场战斗 [60FPS],20:22,王者之尊严,2346442,14657,4353
【FGO中文】动画「从漫画了解！/Grand Order」,14:40,小强凌凌柒,3432991,42304,4485
【】如果把UBW的剧情倒过来看，那么会发生什么,7:39,whitebuster,313715,5595,829
当你看时朋友走过来......,1:46,伊吕波Hazy,489302,276,375
为什么不应逃避生命中的痛苦——【人文学科视角下的”/ZERO ①】,41:36,美人logist,159246,5160,1333
一集封神！史上最烧经费的打戏！夺回人类史的明天！,4:36,一色彩羽廚,1153014,1941,976
【/金闪闪/吉尔伽美什/幼闪/旧闪】闪闪拿弓了！！！（各时期闪闪剪辑）,3:4,啊凉夕夕夕,311960,654,525
【/吉尔伽美什/金闪闪/燃爆全场】谁允许你从本王面前退下了？！,3:0,Prefazione言序,581211,3047,1444
【/金闪闪/吉尔伽美什/AMV】 I Like To Dance,2:59,慕羡鱼,3007768,64677,16734
【大片】剧场版《: 崛起》终极预告,2:8,庚夕子Yuuko,719334,1116,467
宝具释放场面合集,3:16,司咔撒酱,43618,36,43
【自制字幕】 GuDaGuDa Order drama CD,44:43,小强凌凌柒,1035866,18877,1425
【/孤勇者】谁说成为“英灵”的才算英雄！,4:16,克劳德-史卡雷特,37536,261,126
【/追光者/催泪向】因为你是光呀,3:24,Prefazione言序,340277,2492,846
【官方剪辑】The Essentials of “ Series” - 人類史最大の英雄譚 - | /Grand Order 配信3周年記念映像,4:53,小强凌凌柒,588821,4496,2772
【/Duel Links】亚瑟王不可能是个女孩！！,10:56,卷饼猫,443038,905,613
2021年，还有人记得吗？,3:34,动漫唯美风,160831,707,701
【/Grand Order】第五特异点——北美神话大战,0:15,哔哩哔哩游戏中心,442568,837,1685
【Animenz】红A帅醒歌 - /stay night UBW OP2  钢琴版,6:27,Animenzzz,1763698,17152,3280
【/吉尔伽美什】闪闪的哈哈进化史,1:33,狐琴琴琴,493951,1256,739
巅峰盛宴：当我宝具解放的那一刻，全世界将无人能与我为敌！,3:17,咲珑总是如此勤勉,1809494,2212,1275
【凉风】不正经解说/Zero：千万不要惹二次元的单身狗,6:44,凉风Kaze,515845,1213,391
最宏大的一部，全英灵燃爆全场【FGO三周年纪念】,2:1,战场ヶ原-,1431370,3749,1440
【手书】与名为命运的怪物战斗的英雄们,9:50,Siya_Ho,1211661,6625,3801
【动画】玩FGO的Saber桑 01,4:14,洛飕飕,1244540,6283,3763
【/明鏡肆水完整版AMV】武士之魂，存于心不流于行,4:49,优雅好人,254169,245,283
 Zero动画化！灼眼夏娜最终季！2011年十月新番导视！,12:39,SAO东西又在说SAO话,671258,4339,3375
【/EXTELLA LINK】全宝具合集,14:56,Colimit-of-yummy,414902,3810,731
【动画】玩FGO的Saber桑03,4:42,洛飕飕,976794,1568,1188
【2022年1月/剧场版】/Grand Order -终局特异点 冠位时间神殿所罗门- BD发售告知CM【MCE汉化组】,0:32,夏日幻听MCE,227937,22,488
【FGO】/Grand Order全剧情合集(特异点主线+活动剧情+幕间物语）（更新中）,2770:43,傲幽,761802,21834,1154
【木鱼微剧场】《/Zero》（下部）命运之夜前传,29:24,木鱼水心,631148,7999,3299
【FGO】/Grand Order全剧情合集(特异点主线+活动剧情+幕间物语）（更新中）,2770:43,傲幽,761802,21834,1154
【木鱼微剧场】《/Zero》（下部）命运之夜前传,29:24,木鱼水心,631148,7999,3299
【天花板】阿提拉本尊,30:24,yane羽毛,408162,975,1477
【 x 假面骑士】fgo第三季的OP找到了——【Be The One】,1:28,Berta佑,293559,451,422
【自制动画第三期】Lorelei,3:31,洛飕飕,305183,1511,1862
【灵魂配音/翔少主】17分钟带你看完 Apocrypha！！,21:3,翔少主,194148,2044,766
【】热爱105℃的阿尔托莉雅,3:9,天空本是空白,167545,213,467
【ZYL】-EMIYA,4:7,Z.Y.L,2762017,14517,6972
圣杯战争——起始与终焉【 Zero/预告向】,2:36,紅A先生,460084,185,105
这部动画到底算不算系列中最烂的一部呢？/Apocrypha浅谈【小黑动画】,14:1,彼望黑,272598,2259,4550
【暗猫系列/HF线】无尽深渊「上篇」,4:26,暗猫の祝福,470323,1900,3006
【杂谈】10分钟带你看一到五次圣杯战争,10:33,LeeAJie,658898,4495,2121
震撼2020年！吾王剑之所指，吾等心之所向！——【·Saber人物志】,4:28,墨子笙,480466,2424,820
【】出山！,3:19,SAO东西又在说SAO话,666522,1319,653
【JOJO×/Zero】卫宫家的奇妙冒险 预告,0:24,幻氵炙,296427,418,725
【预告】你的名字 版,3:40,科学超电磁炮F,480373,3011,1986
【钢琴】令人肝疼的音乐《/Grand Order》ost《運命 ~GRAND BATTLE~》,2:22,绯绯Feifei,427525,331,819
【片段】剧场版 「 Grand Order -神圣圆桌领域卡美洛-前篇 Wandering Agateram」,15:41,棗黑子Ms,662931,1324,1871
【/手书】我哥敢吃shi！“我不敢！”【灵魂手绘/沙雕手书】,0:22,纸欣Dream,855724,344,936
【/MAD】如果红A最初便出全力的话,4:47,FATE零零七,446405,3052,1786
【茶理理】色彩 - /Grand Order,1:35,茶理理理子,690247,3991,4719
【原神】用打开原神,5:42,単色人,103036,373,661
【字幕】年末SP GudaGuda部分,5:59,八本松神大,423887,3373,364
【/1080中字】官方FGO三周年纪念视频 燃！,4:54,流牙乱舞,1401756,7003,1637
【全系列/高燃】吾剑将随汝同在！汝之命运将与吾共存！！,3:47,被玩坏了的伊莉雅,587557,2381,641
【登月计划】 stay night深度解析Part7.在那白雪飘落的地方,18:33,阿卡林嫁给我吧,158597,1384,804
【暗猫/系列/AMV】Salvation「下篇：救赎」,18:18,暗猫の祝福,1603734,15707,3786
【RPG/中文/全动态】逆命REVERSE  V2.10 空白破解版[国语配音]【PC+安卓/4G/全CV】,1:48,姜慕斯,3613,0,37
【手书】当爸爸知道女儿有男朋友时的反应,1:21,洛飕飕,278734,302,442
【刺客信条全员】A Demon&#39;s    燃向Fanvid,5:40,手机用户芝加哥911,507256,4315,611
【 HF Ⅲ】R姐超帅宝具-骑英之缰绳,1:59,中二の冰痕,380726,311,1546
【全程作死】 一小时彻底玩坏/Zero，第一弹,77:55,发癫的四叶草,1597690,185533,3021
【/全程爆燃/兰斯洛特/Berserker】我来让你的耳朵爆炸,4:10,伊莉雅斯菲尔づ,414176,1380,1553
【红石音乐】春はゆく（春之歌）【/stay night】,4:58,Soma-Komeiji,106076,224,377
【无限列车 x 】终极乱入！同步率100%的OP重制【明け星-LiSA】,1:35,Berta佑,87232,263,196
【AMV】/zero,4:55,望月haruka,406550,8774,873
【】那位少年已然前行  One Last Kiss,4:27,笙歌落TQ,49181,108,283
【/Cloud】你能猜出他们的职阶吗？#1,1:56,克劳德-史卡雷特,294978,1533,759
【/Grand Order】首次联动——空之境界震撼来袭,0:15,哔哩哔哩游戏中心,822498,2264,2149
 stay night  HF线 士郎VS黑saber,25:36,轻装大兔18X,458715,1195,423
战火起!英灵聚!你根本不知道可以有多帅！,3:50,不太正经の有希酱,127753,265,369
《》真名 解放 以下宝具释放台词你都记得多少呢,2:11,纳蘭慕白,278038,133,245
【灵魂配音】14分钟带你看完： Grand Order 绝对魔兽战线 巴比伦尼亚！！,15:5,翔少主,173375,1613,405
目标神奇宝贝大师,4:40,科学超电磁炮F,606736,12197,1346
“翩若惊鸿，婉若游龙！这才是该有的样子！30s不投币算我输！”,2:47,白露饮尘霜o,195601,313,1146
【FGO丸里瞎】/Grand Order 迦勒底放送局 Vol.21  冬日祭 2021-2022 白色情人节 北海道会场,7:22,丸子,33389,65,218
 X 改革春风吹满地,2:30,科学超电磁炮F,503616,1184,719
【/莫德雷德/燃向】我会以此剑守护不列颠！,3:20,M陌落,375721,1671,650
英灵聚集！ 宝具全解！ 这就是的魅力！,3:20,白轻云,163405,174,397
全村挂逼，的圣剑在他们眼里就是根垃圾？！这是个什么情况,5:6,郁郁_Yu,1005769,1625,1237
【杂谈】12分钟盘点9部作品，为什么原作厨天天推游戏？,12:53,LeeAJie,593150,6054,16336
【灵魂配音】13分钟带你看完/Stay Night 第二部 UBW线！！,13:51,翔少主,266897,1794,532
【登月计划】/stay night深度解析Part10.正义的伙伴,37:35,阿卡林嫁给我吧,550522,5128,2131
 Zero最烧经费的一段 每秒都是钱啊,6:0,aemoe,875387,3200,968
/美杜莎R姐不输库丘林的燃爆场面,3:25,离梦翼,225372,286,820
【/Grand Order手绘】那什么的FGO【再现】,2:45,幻想乡的新月,588496,2164,1052
 UBW的经典战役在无人岛上再现,0:13,哔哩哔哩游戏中心,388992,277,499
【150骑英灵】不要眨眼！你根本不知道fgo可以有多帅！史上最宏大的系列！命运冠位指定三周年纪念!,3:15,战场ヶ原-,2992174,4833,2634
【游戏歪报】从系列看历史人物在艺术作品中角色形象的有效呈现,6:27,性巴莎拉,560744,3231,6366
【熟肉】 咕哒咕哒 ORDER 2016忘年会,5:59,小强凌凌柒,868026,6875,1210
【高清】COSER高仿神还原《/stay night 》第13话删减片段,1:56,滴露滴露,443409,1006,814
阿尔托利亚队，参上！（嘉年华）,1:42,龙傲天不傲天,173833,78,145
【】全英灵从者资料合集·17年夏,324:35,光之主,439082,15143,1980
【10月/OVA/FGO嘉年华】/Grand Carnival 第二季 正式PV【MCE汉化组】,1:49,夏日幻听MCE,354947,369,876
【/人力】奥伯龙的ドラマツルギー（拟剧论）,4:6,是开心的烂瓜,1445,1,12
【钢琴】《骑士王的荣耀》—《/stay night》经典OST  /騎士王の誇り,4:12,绯绯Feifei,472858,775,1344
【人物志】远坂凛-魔术的眷顾者,7:31,侑子_YouZ,13084,20,95
【剧场版/FGO】/Grand Order -神圣圆桌领域卡美洛- 后篇 Paladin; Agateram 16分钟先行影像【F宅/1080P+】,16:48,空灵雨迹,559096,1777,1054
《宝具》《真名》 《解放》将近七分钟的宝具原始轰炸视觉盛宴 试问谁扛得住? fgo,6:55,瑠夏的心跳,37361,8,82
当年的勇者，终究成了恶龙【】,2:10,康娜也爱二次元,141389,11,249
高燃R姐，这就是你们收藏在仓库里的三星Rider美杜莎,2:9,离梦翼,32869,66,289
【剧场版】/stay night[Heaven&#39;s feel] 士郎与樱的魔力补给【灵魂作画】,2:21,纸欣Dream,381138,1283,1424
【/高燃】吾等是英灵，是过去之人的影子！,3:5,霞梦君,318368,346,566
【好莱坞大片预告式】Sword of Salvation【/Zero】,4:23,luckedits,503555,5504,654
【/Grand Order】人智统合真国 SIN 红之月下美人,0:31,命运-冠位指定,1136611,5635,3628
：教你制作一把黑saber的宝具武器 3D建模,4:26,大魔王B菌,906871,2068,1212
【史诗向/震撼/MAD】圣杯神话— zero/stay night,4:56,寂寞风尘,2393818,25719,5036
尼禄圣诞歌padowo padowo,1:23,米库の猫,131813,70,149
[OVA] /Prototype 1080P [澄空&amp;魔术工房&amp;华盟],12:13,色禽,1711119,16683,5397
【天堂播映室】十分钟带你看完系列动画的故事,11:25,尕丶天堂,427028,5378,2042
【】带你认识  系列各作品中的 卫宫士郎（千子村正篇 完）,33:53,激萌の堕酱,98149,306,210
【/Zero·授权MAD付】满天【紗由】,5:15,紗由由,345232,4250,1694
【FGO周年庆】50位英灵带你回顾国服一周年大事件「/GRAND ANNIVERSARY」,3:54,泛式,1177194,8873,3307
【2020】（字幕）剧场版「/Grand Order -神圣圆桌领域卡美洛-」　第1弹特报,2:8,棗黑子Ms,852067,921,2001
剧场版：卫宫士郎不可描述的梦,1:5,ZKXLL,688956,322,493
【FGO/高桥李依】命运-冠位指定(/Grand Order) 上线5周年纪念 动画PV【F宅/1080P+】,1:35,空灵雨迹,380773,703,598
这样的你喜欢吗,1:21,醉心无妄,851929,1930,763
【】以三枚令咒作为代价：【赐你为我垂听的机会！予你与我对谈的光荣！饶你面会于我的无礼！】,3:17,英雄杀手ゴルゴーン,85544,34,109
系列主题曲集「 song material」试听动画,12:51,哔哩哔哩游戏中心,251894,1833,838
在超跑上痛是怎样一种体验,4:51,汐渚之岸,684708,7104,2426
全职阶英灵原型介绍#1 剑阶,4:35,AC大集结,79564,186,149
【/stay night [Heaven&#39;s Feel]】你我约定之处，繁樱盛放——我将永远守护在你身边！！！,8:0,小小☆精灵,192562,377,542
4K60帧/Zero吾王Saber[誓约胜利之剑]EX-calibur 极限画质挑战,1:43,猫耳控啦,299291,362,292
【剧情向】谨以此作，献给切嗣与士郎：理想 救赎 传承,5:35,南宮安夢,3568,11,72
女装都救不了！？几分钟吐槽/Apocrypha,10:35,中二少年晓凯,313509,2680,1913
离大谱寻书：同人召唤斯大林，开启圣杯战争，郑和下西洋，横扫欧洲各国！！！,8:11,寻书启示,19850,229,261
【/MMD】迦勒底人理拯救组·桃源恋歌（大家都在的桃源乡~）,4:1,1010浣,349712,6280,1014
/Zero 中文配音 第三话,23:34,saber酱,714998,66176,989
【自制动画第五期】决断之夜-当士郎下手的话会怎么样？,3:11,洛飕飕,225915,454,652
【5月/剧场版】/Grand Order 神圣圆桌领域卡美洛 后篇 正式PV【MCE汉化组】,1:52,夏日幻听,408426,234,832
/stay night  一鸣惊人的销量之王  （2004）,5:31,galgame藏经阁,13736,75,395
街机游戏《/Grand Order Arcade》梅林Prototype〔Caster〕介绍动画,1:15,哔哩哔哩游戏中心,638240,423,1251
【动画】父慈子孝直播间（呆毛王线）,1:44,PXLDOC,495053,302,372
【】敲响冠世一战最后的钟声 全英灵之战,4:35,一色彩羽廚,397821,1104,443
【手绘】清华考试专用纸画saber 420分钟吾王应有尽有!!《/stay night》小孩子才做选择，我全都要！,3:1,皮亚罗,262542,795,992
[-hf]HF线樱的补魔？我也就看了500遍,1:3,游戏动漫娘,829339,693,1811
【暗猫系列完结作】Broken Night「终章：心碎的夜」,9:50,暗猫の祝福,950744,7052,3096
【型月】全从者+全MASTER,53:36,君が望む下限,604361,26514,1664
三人合唱《/zero》OP！ 绝美和声—— To the beginning,8:30,多多poi丶,692788,1505,1584
【全景视频】无限剑制,1:23,旧式玖,168809,230,404
高燃混剪，宝具全释放~经费爆炸的瞬间！,3:16,裕川_-,26709,74,78
【剧场版/2019年】/stay night [Heaven&#39;s Feel] Ⅱ.lost butterfly  正式预告【F宅/1080P+】,1:47,空灵雨迹,675472,436,1930
【神话之战】英灵VS神灵—史上最强英灵对决之一！！！命运-冠位指定 绝对魔兽战线 巴比伦尼亚 08,6:53,战场ヶ原-,1587269,1896,1922
【FGO宣传】世界深陷於空虚 // holLow wORlD「系列角色混剪」,3:3,暗猫の祝福,600022,3296,2599
【】带你认识各作品中的远坂凛与间桐樱（Extra篇）,33:22,激萌の堕酱,29232,348,120
[mad/燃向/]凡王之血，必以剑终！！！（请佩戴耳机食用）,4:6,yurine,504995,1832,500
【惊艳】完全体伊莉雅，此刻艳压群芳，所有的女主都不如你！【】,2:29,康娜也爱二次元,266918,135,585
/Grand Order -Cosmos in the Lostbelt- PV,3:19,命运-冠位指定,923284,6229,3504
宝具全开！史上最震撼的打戏！这才叫英灵！全程高燃！！！戴好耳机！！！,3:21,二代二代,252153,248,296
【】2022年了，还有人记得第四次圣杯战争的神之对决和第五次圣杯战争的超越自我吗？,5:30,时年卍,11323,10,56
【FA完结吐槽】对不起！我只是四天王中最弱的那一个！「如何评价/Apocrypha？」,11:17,泛式,2063990,16284,15003
【/Apocrypha】中那些你不知道的事,12:54,中二少年晓凯,354910,3147,959
范丞丞蹭二次元热度翻车！刀剑神域属于系列？明星为何沉迷二次元人设？,4:3,卡密の密,432425,5533,3741
-贞德-长枪 纯金属制造【AWE】,17:9,万能的海螺,1056155,4708,1125
【迦勒底周年庆】系列史诗向混剪——圣杯的战火，还将继续燃烧！,4:1,暗猫の祝福,669502,2407,4728
【/高燃】宝具一响  爹妈白养,3:16,埼玉家的二弟子,356164,606,906
[系列【15周年纪念】【高燃】 让我们穿越最深的地狱，而后直抵天堂,6:3,御宅硕,291595,1122,771
【 Grand Order Arcade】全从者宝具动画集（截至2019.1.27版本）,8:7,DarkZerg,361113,1966,492
【/燃向】为了那如今仍是遥远的理想之城,3:42,JiugaipinRu,845920,2555,871
【FGO·1080P】/Grand Order 新TV CM,0:16,莉莎娜,463861,145,579
系列有多少作品被我们错过？,4:34,宝贝虎,245412,593,723
【/HF史诗级混剪】你要背叛吗，卫宫士郎,2:25,丶武道魂丶,353814,381,505
/FGO超还原桌游介绍，34位御主，89位从者，23个月持续性更新的同人作，粉丝制作的fgo桌游,25:29,异次元的misaki,113147,222,278
【1080P中文字幕】/Grand Order 2018年特别篇 从漫画了解FGO【百度鲁邦三世吧】,14:40,魯邦叁世,1481090,10278,1114
【/MAD】 理想与正义！！！,5:31,小小☆精灵,1638943,7228,3553
【/HF线/MAD】樱，你的声音绝不会消失！その声消えないよ！,5:23,七月听雪眠,405281,733,969
【/Grand Order】第六特异点——神圣圆桌领域,0:15,哔哩哔哩游戏中心,518226,1753,2606
【剧场版】/stay night HF线 第一章 最新视频【F宅】,8:36,空灵雨迹,371917,2073,2402
《/Grand Order》国服官方宣传视频,3:11,哔哩哔哩游戏中心,7292555,42731,40978
【深度解读/Zero】一个虚无主义的童话,27:45,DZaloe,223205,2050,1730
【】呆毛王拔掉呆毛了！！！,2:27,旧番就是昨天的番,125667,92,107
【2020年3月/剧场版】/stay night [Heaven&#39;s Feel] 第3章 春之歌 正式PV1【MCE汉化组】,1:34,夏日幻听,660951,838,1572
【动画】父慈子孝直播间（小莫线）,1:45,PXLDOC,271427,177,193
Aimer的温柔声线《花の唄》带你重温 HF线的感动【BML2020单品】,6:26,BML制作指挥部,370340,1865,1775
【/书记】小樱手中剑、作死的慎二【沙雕手书/灵魂作画】,3:46,纸欣Dream,223957,441,571
【中日双字1080P+】【/Grand Order】德川廻天迷宫 大奥 CM,0:31,=_=方泊,901001,928,1161
让不了解的群友猜FGO英灵职阶有多欢乐 第二期,2:18,头号呆毛,37218,32,107
【系列/卫宫切嗣传】那天晚上你曾这么问我——“将来想成为怎样的人？”【TS映画】,3:22,-TS映画-,281517,829,982
史上最烂剧场版，满分原作改编成负分作品,10:38,宝贝虎,505018,2337,2240
【/格蕾/终焉之枪】闪耀与终焉之枪（咏唱完整版）,2:2,萌萌哒正义伙伴,452611,156,207
【命运夜谈】为什么说樱的故事足以让上一个档次？聊聊HF线的剧场版第二章——《命运之夜 [天之杯] II. 迷失之蝶》感评,14:36,美人logist,637775,4139,3828
中那些令人热血澎湃的宝具吟唱，燃烧我的中二之魂！,1:53,MonM2645,49754,52,58
HF三部曲总评——人文视野下的/天之杯是一个怎样的故事【命运夜谈】,39:21,美人logist,208559,5831,1367
【名梗盘点】食我咖喱棒啦！盘点系列名梗TOP10！,11:4,在下三少啦,603755,2182,833
【中日双字1080P】【/Grand Order】All信長総進撃 咕哒咕哒Final本能寺2019 CM,0:31,=_=方泊,541961,206,397
【/Kaleid Liner/雪下的誓言】卫宫巨侠，为妹而战,2:44,某二丶,890598,1588,1881
【 HF线/AMV】Blood Moon「中篇：猩红之月」,7:53,暗猫の祝福,453753,1640,1025
/stay night UBW 第20话 插入曲 完整版,10:28,浮夸你个头,580396,9169,1292
【亮剑】遵从召唤而来，你他娘就是老子的master吗？,1:31,黑白零度的反向指标,488868,724,273
【】格蕾：⚡️Grave For You！！！⚡️,1:23,穆夜烬,11494,0,95
【/燃向】我曾向整个英灵殿求助，然而回应我的只有我自己。,6:25,万圣之情独圣独我,453267,396,781
【/Grand Order】「色彩·逆光·跃动」主题曲动画,5:9,命运-冠位指定,521456,5518,2968
【11月】/Grand Order 虚数大海战 动画CM【MCE汉化组】,0:31,夏日幻听,515079,36,346
【/kaleid liner/雪下的誓言/AMV】 绝望与信念！！！,4:23,小小☆精灵,640994,1914,1418
【/高燃】今夜，我将用宝具砍个痛快！,4:5,埼玉家的二弟子,345593,504,661
【/GO日服】油管上面回1亿血量的亨利·杰基尔＆海德的视频，最高的回血记录，,4:9,总是抽到麻婆的诺子,112859,109,227
【/献给所有王厨】致吾王：阿尔托莉雅的救赎,5:10,南宮安夢,309224,534,1676
之贵圈真乱,6:4,科学超电磁炮F,244723,2526,894
【/kaleid liner/雪下的誓言/AMV】 绝望与信念！！！,4:23,小小☆精灵,640994,1914,1418
【/高燃】今夜，我将用宝具砍个痛快！,4:5,埼玉家的二弟子,345593,504,661
【/GO日服】油管上面回1亿血量的亨利·杰基尔＆海德的视频，最高的回血记录，,4:9,总是抽到麻婆的诺子,112859,109,227
【/献给所有王厨】致吾王：阿尔托莉雅的救赎,5:10,南宮安夢,309224,534,1676
之贵圈真乱,6:4,科学超电磁炮F,244723,2526,894
【木鱼微剧场】《/Zero》（上部）命运之夜前传,29:53,木鱼水心,775235,10096,3774
/FGO版万神纪【我今天就是要带上咕哒子，全程核能，PV还原】,5:16,那年的黄昏,404605,4566,1097
【_MMD】Penguin&#39;s Detour【梵·高】,1:37,DeltaEX001,99746,41,323
【伪OP】：紫罗兰永恒花园,1:58,画画峰,363673,2174,1160
如果/Zero在北美上映【预告片向】,2:42,Benlord,522373,4904,642
【/高燃/库丘林个人向】库·丘林，温柔至极的孤狼,3:53,小鹿勒,340558,1277,788
【/stay night】HF线第10期：黑Saber登场，士郎断臂,169:49,闷骚鸵鸟,469859,614,217
分享一些好看的动态壁纸，你懂得[系列],1:37,星影流墨,32279,59,79
宝具全开！史上最震撼的打戏！这才叫英灵！全程高燃！！！戴好耳机！！！,3:0,渚岸汐潮,496874,1272,615
【】十大战斗名场景赏析，优秀的战斗画面绝不仅仅是燃尽经费！【第一期】,19:7,希趴desu,296626,2147,693
仅以此曲献给吾王!《/stay night》ED~曾经有你的森林~あなたがいた森~曾经有你~不再分离！,5:11,我是瞳瞳啊,207451,615,968
"【Brave Shine/】Master,请见证吾之行为，吾之临终，吾之神圣献身吧☄☄☄",3:50,该死的whk,29277,126,95
【全系列/燃】敌人是什么，斩开就行了！,4:18,被玩坏了的伊莉雅,864513,5283,1033
神话之战！史上天花板级别的打斗！你根本不知道FGO可以有多帅！FGO六周年纪念,4:19,不太正经の有希酱,184121,263,218
【/MAD/EMIYA】无限之剑制,6:41,未暄之夙曈,277559,572,1060
【/rider/R姐/AMV】Rider：主角是我的 士郎也是我的,3:16,OnLiken,227627,154,477
【中文字幕1080P+】【/Grand Order】咕哒咕哒帝都圣杯奇谭 活动告知CM,0:30,=_=方泊,515455,225,312
【/高燃】真名解放！宝具展开！此乃的无限魅力！！,3:19,橘味砂糖,297681,629,412
【自制动画第四期】春天来了的话,5:48,洛飕飕,264506,1529,1447
【Gal/型月/4K】《/hollow ataraxia》新版OP1—broKen NIGHT,1:51,愉悦のRudeus,201882,148,482
【7月/剧场版】/Grand Order -终局特异点 冠位时间神殿所罗门- 上映直前PV【MCE汉化组】,2:31,夏日幻听MCE,542017,373,1395
【远坂凛声线配音版】某红衣女子偷电瓶车被抓后竟然......【UP主自配】,3:28,冰糖IO,1054870,5540,2414
《/Grand Order》国服萌新试玩，抽抽抽！,17:28,视角姬,645010,5024,2194
玩坏系列~,5:38,科学超电磁炮F,1582176,31104,1747
【极致画质/ HF剧场版】赎罪者的凄歌——序章,3:0,reAct木子,772718,1441,2317
《/Grand Order》第七特异点——绝对魔兽战线,0:15,哔哩哔哩游戏中心,436549,1442,2227
【】最真实盾娘看了就出不来（请开启洗脑循环）,3:12,Saber有C,437276,1967,1324
【该细还得细】FGO国服/Accel Zero Order/FZ联动攻略,16:31,削人棍专用BGM,389756,6761,2074
【2019年】/Grand Order -绝对魔兽战线 巴比伦尼亚-　PV【中文字幕】,1:17,小强凌凌柒,455901,2230,5728
【中文字幕】【/Grand Order】2017泳装活动【Dead Heat Summer Race】TVCM,0:34,=_=方泊,640034,838,901
【麻瓜】萌新入坑第5天,3:35,救世主麻瓜,37756,325,827
『』借哥哥的号代打，打的还是哥哥的老婆大大？！,3:39,一只柠萌QAQ,533313,461,684
【/A】迦尔纳解放终极宝具，把莎比枪毙！,5:24,易Az,769793,3175,6102
【/亮剑】李Saber热唱 oath sign『你就是老子的Master吗』,4:21,蜡烛君瑞泽,2327624,17573,3764
【/百万级制作】型月战争  此生永不落幕！！,3:34,黑星灬乄式,237626,1111,560
【全程作死】一小时彻底玩坏/Zero，第二弹,52:55,发癫的四叶草,673374,58106,1269
盘点其他动漫中出现的梗，EX咖喱棒被玩坏了,4:58,ACG中二君,221660,252,153
【/天之杯3】麻婆吟唱教学•朗  读  并  背  诵  全  文  ！  ！  ！,6:30,一人役配音,251887,368,392
【玩爽】用中国功夫的方式打开圣杯之战,1:21,宇宙睿,886022,7498,1321
【剧场版】『/Grand Order -终局特异点 冠位时间神殿所罗门-』预告PV,3:44,莉莎娜,291849,348,1252
【/Grand Order】亚种特异点Ⅲ——尸山血河舞台 下总国 英灵剑豪七番决胜,0:16,命运-冠位指定,422023,412,1561
【玩坏】我的节操不见了,5:0,科学超电磁炮F,941926,11410,2181
【全程高能】吾王剑之所指 吾等心之所向,4:6,在下蕾姆有何贵干,755991,749,158
系列能有今天的人气，这个男人功不可没【橙心驾校15】,7:13,橙心社,429010,1779,3035
【/stay night [Heaven&#39;s Feel]】迷失之蝶——只属于你的正义的伙伴,11:3,小小☆精灵,298456,1423,1439
系列大盘点！各大作品之间有哪些关联呢？,12:57,蓝格雷,264966,1702,596
【全程高燃/系列】上百位英灵们的战斗盛宴.圣杯的战火.还将继续燃烧 —— 英灵燃爆全场！,4:6,丧心病狂小魔王,573790,2089,1455
【人物志02】尼禄到底到底有多厉害？她究竟有怎样的过去？,8:34,蓝格雷,583991,4954,1117
《》最烧经费的一段，每一秒都是用钱堆起来的.,3:27,凉风子君,554567,809,646
那些女角色你最喜欢哪个,3:44,离梦翼,49376,403,535
FGO乱入到系列动画中会是什么效果,3:40,Mr丶Yuan,1116169,5650,1242
测一测：你和《》系列谁最搭？,3:50,啧鱼,154712,2713,1556
命运-冠位遗孤 序章 · 最初奥尔加【高达铁血孤儿 x /Grand Order First Order】,44:31,藤丸郁香,524631,9759,2168
【该细还得细】FGO国服《/Requiem桌上游戏默示录》FR联动/高难攻略,18:19,削人棍专用BGM,379854,1922,1684
10月「/stay night」PV第3弹+HF线PV1【720p】,5:20,黑白双瞳,501139,4388,1943
【中文字幕】/strange Fake TVCM,0:31,红猫耳,621909,479,2433
用文物和历史原画还原《/zero》片尾曲,3:0,御坂延珠,30522,62,150
人物志07:各大作品集合！让人流泪的闪恩重逢又是怎样的？,19:36,蓝格雷,361598,4973,688
亮剑× 你他O的就是老纸的master吗,4:34,Mr丶Yuan,1087209,11061,1544
【完整版】Aimer「春はゆく」(剧场版「/stay night [Heaven&#39;s Feel] III.Spring Song」主题曲),25:39,百億_光年,583612,1350,2050
史上最全宝具解放合集（/Apocrypha上）,8:44,破晓的辣子姬,771148,1956,702
【/事件簿】露维亚——世上最优美的鬣犬、人类起重机,1:23,月笼纱え,25540,37,136
【人物志06】韦伯与大帝为何被无数人向往？他们之间到底有着怎样的羁绊？,11:41,蓝格雷,294080,3105,659
／Grand Order Orchestra Concert -Live Album- performed by 東京都交響楽団,93:10,无念skyace,531132,9765,1128
【17部动画，你看过多少？】,29:28,Anime_Geek,291947,9207,2226
杀人网球赛,6:0,艾尔十六,403162,1214,495
【精选】士郎亲手杀死Saber，只为拯救樱,7:51,闷骚鸵鸟,661737,1320,1977
【/MMD】少し楽しくなるFGO【サーヴァント総出演】(重新上传),4:46,yatame01,132584,826,406
立体卡雕制作——魔法少女伊莉雅,2:23,秋幻晓文,7597,10,141
【/yuzu】圣杯战争：柚子篇,1:29,空銀子よ,134140,152,569
【第二章自制动画】应该保护的对象,4:19,洛飕飕,272021,2037,2226
【剧场版】/stay night HF线 第一章 正式PV【1080p】,2:24,Touwa_Erio,1193575,2074,5873
史上最震撼的一场打戏！黑化—视觉盛宴！！,6:56,永远の小怪兽Fe,435762,710,730
【·吉尔伽美什】：王来承认，王来允许，王来背负整个世界,3:20,噩梦Crazy,279413,986,2169
系列:小金闪闪VS母金闪闪，谁才是真的闪亮,3:0,江小稳,462513,378,914
 stay night HF第三章  言峰锤哈萨 脏砚,1:59,鸡安娜,631094,602,1411
宝具全开！史上最震撼的打戏！这才叫英灵！全程高燃！！！戴好耳机！！！,2:10,奋斗的豆芽,573601,1422,1036
【/全程超燃】   吾王剑锋所指 吾等心之所向,2:54,北北北北北域丶,407076,3424,748
【 / 帝都圣杯 / 静止画MAD】战斗的理由,2:52,文藤Wen,298983,216,465
[AMV/燃向//UBW]输给谁都可以，但是，绝不能输给自己,10:45,追梦少年徐先生,379503,8337,832
【/高虐，慎入】这一生最美的梦啊,3:29,Prefazione言序,321929,1659,535
【诚意之作】人物志：阿尔托莉雅——她到底是一个怎样的存在？,8:45,蓝格雷,409458,4173,816
/燃向/士朗：吉尔伽美什你的宝具我已经看腻了！,3:17,自诩俗人pa,635916,1362,3660
〔/AMV/高燃〕就让神话中的英雄王，于此再现吧！,4:51,十三岁那年,454272,1950,1282
【/高燃】纵然万劫不复 亦将义无反顾,4:7,轻十月,401945,1437,1178
【巅峰之战】战火起 英灵聚 拔剑为谁战！,2:41,白轻云,206116,201,346
【剪辑】十万月厨百万王厨何在？不进来看看吗？,4:15,Aquarius枫舟,58160,332,271
谨以此片献给那些还在坚持的Masters      【/FGO/Wake】,4:32,名刀Dreamer,89416,342,291
【中文字幕】【/StayNight HF剧场版第三章】spring song 特報第1弹,1:51,=_=方泊,378223,688,1514
【4K画质/剧场版/上映中】/Grand Order -终局特异点 冠位时间神殿所罗门- 上映中PV【MCE汉化组】,2:21,夏日幻听MCE,594493,273,2790
Anitama放：这是飞碟社的第一部《》，也是很多人的第一部《》,9:50,动画魂-Anitama,168942,1368,1558
【 Hf】二爷你又开始了,1:59,Howl_owl,553105,263,50
【FGO|自翻译】庆2周年漫画趣图超量翻译大合集,24:59,丨瓜皮妹妹丨,261961,8542,1542
【1080P/BDrip】幻想嘉年华（全篇+EX+SP+/Prototype）【百度鲁邦三世吧字幕组】,263:48,魯邦叁世,1140552,13140,690
【刀声踩点/衔接向/】王来承认，王来允许，王来背负整个世界。,2:52,维C永不加班,235823,885,354
一年没登了，今天上线领奖励,5:6,MMLittle瓜,130759,199,658
震惊！14岁小女孩在校演唱《/Zero》主题曲的瞬间！简直惊呆了！【oath sign/樱萍Apple万粉福利】,4:16,樱萍Apple,717312,699,984
【10月】/GrandOrder 绝对魔兽战线巴比伦尼亚 PV1【中文字幕】,1:24,Touwa_Erio,663991,1034,1397
【幻想嘉年华】 部分全剪辑！！Part2补完篇,68:28,夕顏紫,874401,29997,773
宝具吟唱，每日一遍！,2:40,MonM2645,119833,143,210
【修复】 X 中国功夫,1:32,zorro,610001,8839,838
《/塞尔》赛圈全明星！,2:28,脚本解说第一人,2834,15,93
史上最强英灵对决！以凡人之躯，比肩神明！,3:55,动漫唯美风,726248,1614,919
【PS绘画过程】/Grand Order,10:15,wlop-,376047,3647,1611
【】咕哒子：最高玩法，自己玩自己《幻想嘉年华加漫画介绍FGO》,4:7,han态萝莉控,68161,95,106
【 stay night】为何而战,5:20,殃道,1412620,13323,3175
历史课上的抗日片竟用的bgm？,0:52,hibiki2015,477565,710,585
：万物皆是罗马，你敢信这竟然是冠位枪阶吗？,0:34,渔肆,118880,159,387
 Project 新年TV特番 First &amp; Next Order 第1話 帝都聖杯奇譚,19:8,gpsapx,786987,2048,246
【/Hollow Ataraxia】全语音主线剧情流程合集,1127:41,夏寒Han,16006,33,98
【给做个三维片头会是什么样子】萌新UP爆肝20天渲染上百小时自制开场动画,1:33,红凛茶,467668,1567,1660
【/手书】手绘还原HF射杀百头-士郎vsBerserker【灵魂画风】,1:52,纸欣Dream,181114,192,532
冷知识,0:45,名为Saber,58293,38,138
[/描改]Mr.Darling士凛的恩爱生活,2:58,贰10叁,405057,891,960
「/Grand Order」5周年纪念PV,3:10,棗黑子Ms,691549,2711,1265
【静止系MAD】Until the End【/Grand Order】,2:50,Magus,288012,1916,1127
【】带你认识各作品中的远坂凛与间桐樱（无限代码篇）,22:52,激萌の堕酱,36053,196,49
【人物志】织田信长到底有多厉害？为何是型月梗王？,7:13,蓝格雷,278231,2255,443
【剧场版/上映中】/Grand Order -终局特异点 冠位时间神殿所罗门- 中国台湾上映中PV【官方中字】,1:34,夏日幻听MCE,182332,50,521
【】震惊：士郎竟然当场向Saber求婚,1:44,面对疾峰吧,410402,2938,2242
【吉尔伽美什/】金闪闪到底在执着些什么？史诗级超展开吐槽！「英灵补完」,14:7,克劳斯麦特,288293,4389,3261
【人物志】织田信长到底有多厉害？为何是型月梗王？,7:13,蓝格雷,278231,2255,443
【剧场版/上映中】/Grand Order -终局特异点 冠位时间神殿所罗门- 中国台湾上映中PV【官方中字】,1:34,夏日幻听MCE,182332,50,521
【】震惊：士郎竟然当场向Saber求婚,1:44,面对疾峰吧,410402,2938,2242
这是你看过的系列吗？,19:59,埔寨のOO,720945,30113,1364
[/手书] 圣杯回战（完整版）,1:31,LAoi-,387507,724,223
【人物志05】迦尔纳究竟有多厉害？悲惨的遭遇到底是怎么回事？,9:13,蓝格雷,321709,2939,2201
【FGO•番剧向】/grand order国服全剧情合集（主线剧情+活动剧情+幕间物语）(更新中),10473:0,魔法立香,400628,10998,628
央视对【 hf】及【我想吃掉你的胰脏】的评价,1:42,柒染悦儿,823132,1295,860
【杂谈】7分钟带你看懂/EXTRA,7:40,LeeAJie,626766,2837,1535
【动漫新故事】如果变成开挂与权限的天下——第一届全国中小学大战P2【开挂雁夜vs权限时辰】,10:39,星空茶,375383,2494,640
【相关】CRUCIS FATAL FAKE MV 《Faker》,9:43,bishi,1233359,5706,11613
【/stay night [Heaven&#39;s Feel]/史诗级MAD】如果我变成了坏人...你会原谅我吗？,3:22,我的名字不会引起别人的注意,233594,584,533
【/Grand Order】创世灭亡轮回 由伽·刹多罗 黑色最后之神,0:31,命运-冠位指定,2210360,7282,3999
「/Grand order」·第七特异点详解·绝对魔兽战线,336:4,千葉型DJ,490498,4590,2390
【系列/AMV】Holy Grail War圣杯战争再续..「前篇」,9:58,一Nogood,801272,12187,2488
雪山上的  Saber 阿尔托莉雅 Cosplay 视频,0:59,摄影师铭言,514521,677,1594
【/GO】用两分钟的经费燃烧，来诠释玩家们四周年的热爱！,2:23,悠然晓鸽,285264,714,334
【燃向/】/GRAND ORDER冠位指定！目指圣杯（FGO）,2:19,一只比斯特,377245,2460,1886
【/Grand Order】/Requiem×/Grand Order联动活动「桌上游戏默示录」,0:16,命运-冠位指定,636277,715,1467
上央视6套了—今日影评简评和我想吃掉你的胰脏,1:45,亚瑟王の车神,408498,928,3749
【幻想嘉年华】 部分全剪辑！全程欢乐大爆笑,45:44,夕顏紫,1928210,62596,1410
【/闪恩】千年之恋 || 是你在尽头等我,1:57,萧晓-,312360,461,714
【字幕付】/Grand Order（第2部）-Cosmos in the Lostbelt- PV,3:19,棗黑子Ms,562538,1438,2207
_Grand Order×劇場版「空の境界」コラボレーションCM Animation Material vol.2〈動撮〉(1920X1080),1:27,Plenluno,42171,5,103
4月『/stay night [UBW] 2nd』PV第1弾【720p】,2:35,黑白双瞳,605135,5616,2633
【/grand order】与其说是吐槽还不如说是聊天的游城自己也不知道怎么定义好的视频,5:41,游城7十代,627667,2816,3103
 新 番      【整活向】,3:22,宝贝虎,83732,358,473
"解神者把玩家绿了,公司股票跌停!明日方舟角色女变男,变性人?重制新游来了【小半游戏报】",7:56,账号注销406203,866410,3827,3462
【】吉尔伽美什宝具吟唱教学！,3:15,一人役配音,294744,334,448
【杂谈】12分钟带你看/EXTRA CCC,11:51,LeeAJie,344983,1240,788
[/MAD/燃爆]错的不是我，是这个世界 【影之歌】,4:12,三叔三生三世枕上书,432122,426,2430
韵律源点Arcaea：剧情曲包《Black 》预览,2:16,韵律源点Arcaea,389231,1698,2125
【/stay night】荆棘前路，命运之战,3:55,花宫二橙,806639,5973,1361
【】红王尼禄的《划船歌》1小时循环洗脑,58:42,近衛君,441307,5329,873
 stay night—剑之决意【Mad 大赛 2016】,7:21,寂寞风尘,576146,8862,6659
【/Grand Order】亚种特异点Ⅳ——禁忌降临庭园 塞勒姆 异端塞勒姆,0:16,命运-冠位指定,500560,2366,1889
【字幕】The Essentials of “ Series” - 人类史最大的英雄谭 - | /Grand Order 3周年纪念映像,9:46,棗黑子Ms,320896,1709,1311
【完全重制中文版】The Essentials of “ Series” - 人类史最大的英雄谭 | FGO三周年纪念映像,10:27,夜北yakita,635540,2675,2987
【/Grand Order】限时活动「德川回天迷宫 大奥」举办！,0:31,命运-冠位指定,818905,10064,4131
【杂谈】谈谈一个萌新月厨眼中的卫宫士郎,5:39,和也拓哉,10475,24,131
【剧场版/新画面】/stay night [Heaven&#39;s Feel] Ⅲ.spring song 特别摘要影像【F宅/1080P+】,2:0,空灵雨迹,373242,157,1207
 UBW版狐狸精（金）节操掉完向,3:49,埔寨のOO,646468,8817,664
全程高能！史上最强封神作！乌鲁克永存于此！！！！,3:37,渚岸汐潮,318483,939,926
【当遇见刀剑神域/视听盛宴】感受刀光剑影世界的极致魅力,4:47,山驴丶,188897,2430,917
在广场用伊利亚语音包说话 把队友吓得肉麻,4:3,秋风鸟,1079901,2880,1194
【/Grand Order 】官方CM合集（更新至ハロウィン･ライジング！ ～砂塵の女王と暗黒の使徒～ 2021年10月20日）,90:27,緋月Scarlet,525513,1506,403
【动画】玩FGO的Saber桑 02,4:41,洛飕飕,977222,3329,2181
/Grand Order-从者宝具合集-A,118:20,RiESAEX,634842,523,75
【橙子/ Grand Order全剧情AMV】旅途/不灭的圣城卡美洛,5:3,妖怪の橙子,732476,4876,4162
【/grand order】麻烦的saberwars要拿数据说话 精打细算的星战攻略,19:52,游城7十代,386841,7461,3715
【/ubw/zero】吾心所指，身为剑所天成！！来一场前所未见的圣杯战争！！,3:19,天羽-strength,243772,606,869
咖啡动漫雕花：雕画游戏《/Grand Order》中的玛修·基列莱特,1:55,咖啡教室,444597,210,220
【系列/特效字幕】经费燃烧！大片既视感！宝具展开一次爽够！,62:14,永世の剑鞘,225297,2103,385
【/Grand Order】联动活动「淑女·莱妮丝事件簿」举办！,0:16,命运-冠位指定,649038,1229,2200
【/AMV】 英灵之魂 神话之战,3:45,小小☆精灵,1762086,6359,1617
梦回06版【命运之夜】 stay night,2:2,淡希Reset,631316,1179,1369
【/grand order】这次温泉据说是混浴——鬼乐百重塔活动攻略,15:58,游城7十代,159094,1433,995
史上最强英灵对决！以凡人之躯，比肩神明！,4:8,二代二代,233112,409,485
【Animenz】Last Stardust（最后的星尘）Live - /stay night: [Unlimited Blade Works] 钢琴曲,6:12,Animenzzz,286268,672,687
中国选手奥运现场喊【Stella】，连带一起上了日本电视台【迦勒底周报69】,7:33,宝贝虎,246822,889,713
【/zero】太太觉醒了糟糕的嗜好（官方的不自重）,3:11,清凉小桃,609549,16078,1015
孙悟空设定出现！金箍棒竟是圣枪类宝具！？【迦勒底周报42】,5:42,宝贝虎,445162,705,2058
【棉被FGO】FR联动活动攻略：/Requiem 桌上游戏默示录/内含流程一图流、90+阴间本3T速刷配置、小王子、宇津见绘里世、鬼女红叶介绍,101:47,叫我棉被,312111,1787,1337
史上最震撼的一场打戏！黑化—视觉盛宴!【/全程高燃】,3:17,哇周某人,499782,1336,613
【木鱼微剧场】《FSN/UBW》（下部）/Stay night:Unlimited blade works,19:32,木鱼水心,601632,6481,3519
【/Grand Order】继续书写攻克未来的故事吧！五周年纪念PV,1:39,命运-冠位指定,842731,8609,4258
【/Grand Order】星间都市山脉 奥林波斯 击坠神明之日,0:30,命运-冠位指定,620276,701,2237
[ 尘埃 四重命运时光 第一阶段 ]Dust Destiny Time Quartet Phase 1 - Obliteration of ,4:49,尘埃-屠杀,4561,12,21
【12月/日服】/Grand Order 非灵长生存圈 通古斯圣地 (WEB版)动画CM【MCE汉化组】,0:23,夏日幻听MCE,89851,13,332
/Grand Order Original Soundtrack V(初回仕様限定盤) FGO原声集OST 5,398:32,天使动漫,55477,318,226
【前方帅燃/系列混剪】——穿越黑夜的希望！！！【FULL VER】,5:21,二代二代,173099,735,677
【/Grand Order】限时活动「唠唠叨叨帝都圣杯奇谭」举办！,0:31,命运-冠位指定,382392,3044,1897
【10月】/Grand Order 绝对魔兽战线 巴比伦尼亚 PV1/先导PV,2:41,羊小星,374579,1133,2672
【】芒种！一想到你我就......,3:36,SAO东西又在说SAO话,400935,929,557
【脑洞乱入剧场】真怠惰啊！圣杯战争,9:23,艾尔十六,228430,3622,873
【/Grand Order】限时活动「全体信长总进击 唠唠叨叨最终本能寺2020」举办！,0:31,命运-冠位指定,482207,1774,1976
神圣圆桌领域后篇：兰斯洛特，令郎的胸大肌为何如此发达？玛修暴打兰斯洛特！,2:6,漫岛剪辑,401146,286,414
/Grand Carnival OP动画,2:0,千葉型DJ,255443,294,635
【/Grand Order】限时活动「拜见！拉斯维加斯御前比试~泳装剑豪七色决胜！」举办！,0:16,命运-冠位指定,949535,2296,2558
【非遗苏绣/】全网首例！耗时3个月，用比头发还细的线，我终于绣出了双面绣的尼禄,4:3,苏打柠檬汽水syp,50761,81,482
【崩坏3合唱团】带你回家(/zero OP2 To The Beginning）,4:19,弱智鬼才M4,356274,1696,1525
《/Grand Order Arcade》弗朗西斯·德雷克灵衣对战与欣赏,7:22,春天小饼,3485,13,28
【散人】《/Grand Order》国服初探,38:51,逍遥散人,800326,13228,6294
同人企划 /Embrace the Chaos 先行PV【俯瞰苍穹】,1:42,FETC制作委员会,419780,434,1303
【棉被】FGO-/EXTRA CCC联动活动实用攻略 BB酱的逆袭 在电子之海相会吧,370:37,叫我棉被,518820,9748,17675
【军事相声03上】《王牌部队》竟是re0和的精神续作？,51:53,花岗岩工作室,143542,538,667
「/Grand order」·亚种特异点详解·雅戈泰的女人,179:24,千葉型DJ,293085,2621,1740
【11月/日服】/Grand Order 昭和机神计划 唠唠叨叨 龙马千钧一发！动画CM【MCE汉化组】,0:18,夏日幻听MCE,118560,1,143
【/grand order】这可不是攻略（笑）关于本能寺你完全不需要知道的吐槽,7:0,游城7十代,279382,2742,1723
【浅谈】千万别让女孩子知道你在看这种动画,6:54,LeeAJie,472538,1879,1504
【/Grand Order】限时活动「从者·夏日·庆典！」举办！,0:16,命运-冠位指定,425317,2255,1545
【/Grand Order】Saber，应召唤而来！恭贺新年 TVCM [2021.12],0:23,命运-冠位指定,564398,2489,2784
动画『/Grand Order -终局特异点 冠位时间神殿所罗门-』公开前PV,5:2,棗黑子Ms,170092,266,1062
亮剑× 第二集 你他nya的就是老纸的马石打吗！「完结篇」,9:51,Mr丶Yuan,508375,6375,770
【】某红衣女子偷电瓶车被抓后竟然......【1080P 60帧MMD】,1:50,冰糖IO,722025,1538,1097
【/Grand Order】限时活动「虚数大海战 幻想急航 ~上浮吧鹦鹉螺号~」举办！,0:38,命运-冠位指定,339366,1086,1405
【努力就成功】FGO国服《 /Extra CCC~与BB酱在电子之海见面吧》活动攻略,48:47,脚淋娜,285244,6615,2480
【/Grand Order】限时活动「Saber Wars2 ~前往初始宇宙~」举办！,0:16,命运-冠位指定,719118,2555,1734
【/MAD】冠位指定！,1:48,是旧去的梦吖,6967,0,8
【10月】/Grand Order 绝对魔兽战线 巴比伦尼亚 PV1【中文字幕】,1:23,红猫耳,409896,1330,2935
《/Grand Order THE STAGE 冠位时间神殿 所罗门 Ars Nova》 限时放映,1:4,命运-冠位指定,616231,407,1240
【/Grand Order】限时活动「超古代新选组列传 唠唠叨叨邪马台2021」举办！,0:46,命运-冠位指定,462206,738,1866
【/Grand Order】TVCM [2021.01],0:14,命运-冠位指定,686434,193,1904
【限界突破画质】/Grand Order CM集【英灵剑豪七番胜负为止】,5:0,幻想乡的新月,1187722,6156,984
【/Grand Order】「荣光的圣诞老人之路 ~被封印的圣诞礼物~」限时开启！,0:23,命运-冠位指定,230015,155,891
【FGO丸里瞎】/Grand Order 迦勒底放送局 Vol.20  ～非灵长生存圈～ 开幕直前SP,7:18,丸子,98873,220,512
【/Grand Order】第2部 第5.5章「地狱界曼荼罗 平安京 轰雷一闪」开幕！,0:38,命运-冠位指定,337747,574,1319
【剪纸·灵基保管册】总耗时三年，百余骑英灵剪纸集结于此!,6:15,六武之门,108598,780,443
/kaleid liner 魔法少女☆伊莉雅 Prisma☆Phantasm 中文CM,0:19,番剧资讯姬,565030,263,1000
【/grand order】藤村大河也能看懂的万圣节攻略,15:7,游城7十代,352296,3371,2641
【/Grand Order】无间冰焰世纪 诸神黄昏 不灭火焰的好男儿,0:31,命运-冠位指定,524825,4096,1351
【棉被 FGO】CCC复刻活动攻略：/EXTRA CCC×/Grand Order 特别活动「深海电脑乐土 SE.RA.PH」,310:23,叫我棉被,511966,3878,4528
【/grand order】迦勒底中国分部的圣诞节好像有点迟到了？这是跟着一起迟到的圣诞攻略,9:50,游城7十代,375957,7162,2742
天之杯精彩战斗作画—春之歌;迷失之蝶;恶兆之花（三篇合集1080p),38:1,GeoglePlay,414311,1014,584
【/Grand Order】限时活动「从者·夏令营！ ～迦勒底惊悚夜～」举办！,0:20,命运-冠位指定,485435,967,3035
【/Grand Order】限时活动「圣诞节2020 南丁格尔的圣诞颂歌」举办！,0:16,命运-冠位指定,480611,269,1192
【/Grand Order】限时活动「来吧，向镰仓道别~小小大天狗~」举办！,0:23,命运-冠位指定,362434,62,1323
【/Block Order】我在MC里玩FGO？命运方块指定 mod（小演示视频）,2:31,吉言鸽意已决,58714,101,346
【Girls Planet 999 公演舞台回顾系列】苏芮琪-姻缘（）舞台cover,2:37,苏芮琪Sury_,102942,271,409
"快速看完一局韩服王者斗殴局#498 Xiaoxu, Ellim, Mireu, Hoya, Peyz, (KR), Snow",20:12,yizhilugou,203885,2192,585
【剪纸·灵基保管册FULL＋感想】历时四年，二百余张英灵剪纸聚集此处！,16:18,六武之门,25086,252,195
a story of  | “开往春天的地铁 开了一年零三个月”,2:28,这一只大叶子,108901,1049,275
【/Grand Order OP·剪辑PV付】色彩【紗由】,4:32,紗由由,330625,3885,1263
神话之战！史上天花板级别的打斗！你根本不知道FGO可以有多帅！FGO六周年纪念,4:19,不太正经の有希酱,184121,263,218
【京阿尼贺年纪单品】/K-ON——御主pv,1:47,Maybe_UMA,10122,31,93
【灵魂配音】14分钟带你看完： Grand Order 绝对魔兽战线 巴比伦尼亚！！,15:5,翔少主,173375,1613,405
【京阿尼贺年纪单品】/K-ON——御主pv,1:47,Maybe_UMA,10122,31,93
【灵魂配音】14分钟带你看完： Grand Order 绝对魔兽战线 巴比伦尼亚！！,15:5,翔少主,173375,1613,405
【/stay night】HF线第10期：黑Saber登场，士郎断臂,169:49,闷骚鸵鸟,469859,614,217
【/Grand Order】第五特异点——北美神话大战,0:15,哔哩哔哩游戏中心,442568,837,1685
「/Grand order」·第六特异点详解·耀于至远之枪,282:18,千葉型DJ,249076,4871,2524
女装都救不了！？几分钟吐槽/Apocrypha,10:35,中二少年晓凯,313509,2680,1913
 stay night  HF线 士郎VS黑saber,25:36,轻装大兔18X,458715,1195,423
【】如果把UBW的剧情倒过来看，那么会发生什么,7:39,whitebuster,313715,5595,829
这部动画到底算不算系列中最烂的一部呢？/Apocrypha浅谈【小黑动画】,14:1,彼望黑,272598,2259,4550
【/明鏡肆水完整版AMV】武士之魂，存于心不流于行,4:49,优雅好人,254169,245,283
【原神/熟肉/meso】氪佬透露自己是厨还预判原神如何做动画,30:4,祈佑Kiyono,8110,92,53
系列有多少作品被我们错过？,4:34,宝贝虎,245412,593,723
【2018年1月】/EXTRA Last Encore PV2【1080p】,0:30,Touwa_Erio,438940,548,1237
【/MAD】如果红A最初便出全力的话,4:47,FATE零零七,446405,3052,1786
【剧场版】/stay night[Heaven&#39;s Feel]第二章正式预告,1:31,红猫耳,360893,368,1707
【720P】 Prototype OVA【日语生肉+英文字幕版】,24:22,冉如Helena,422620,1791,265
【灵魂配音/翔少主】17分钟带你看完 Apocrypha！！,21:3,翔少主,194148,2044,766
《/amv》命运的蝴蝶,2:18,dvfk-ckioA,236874,464,437
【登月计划】 stay night深度解析Part9.镜子的那边,23:30,阿卡林嫁给我吧,125466,1185,870
「/stay night」15周年纪念企划宣传影像,4:16,哔哩哔哩游戏中心,246599,1395,1548
/Grand Order最强的30个英灵。,3:57,我们的征途是漫漫星海,440006,3529,3909
【/grand order】十载存石欧气尽 千金一掷花嫁中,14:31,游城7十代,279259,5151,1849
【人物志08】小莫竟然是这样的骑士?呆毛:崽，我真的对你......,6:57,蓝格雷,250264,2136,492
【RPG/中文/全动态】逆命REVERSE  V2.10 空白破解版[国语配音]【PC+安卓/4G/全CV】,1:48,姜慕斯,3614,0,37
【MAD/】理想的末路,2:30,Zzdyi,54505,67,233
用 ubw方式打开RE:CREATORS的OP,2:18,画画峰,179880,910,652
TV动画《/Grand Order -绝对魔兽战线巴比伦尼亚-》新PV,1:24,哔哩哔哩游戏中心,263260,717,2338
【剧场版】/stay night HF线 第一章 最新剧照合集,3:46,空灵雨迹,363477,5622,1971
【】小三开宝马撞飞原配 负心男用小刀捅原配（误）,3:5,结衣Yui狐,202599,310,411
暗黑系神曲！现场深情演唱 Aimer《 I beg you》！陷入疯狂吧！,4:25,鲸小柒柒柒柒柒,189418,107,529
《》真名 解放 以下宝具释放台词你都记得多少呢,2:11,纳蘭慕白,278038,133,245
【 HF Ⅲ】R姐超帅宝具-骑英之缰绳,1:59,中二の冰痕,380726,311,1546
【】英灵企鹅VS金闪闪（重制加强版）,7:29,次元狸,321309,5584,2461
✨Wake回响    节拍✨,3:26,初夏夜の梦,103061,698,514
[/热血]经费燃烧！闻到了吗这就是钱的味道,3:21,Ayanokouji绫小路,19943,28,70
【手书】当爸爸知道女儿有男朋友时的反应,1:21,洛飕飕,278734,302,442
【/stay night HF】『Sakura』即便做过不可原谅之事，我却依然爱你,5:7,可乐小泉,20989,23,147
【】各种出现咖喱棒的战斗（不全）（剧透预警）,44:20,末下的暴雨,383304,18241,801
《/stay night 无限剑制 下篇·英灵卫宫》,2:41,DeSingular,413416,1910,475
十年前的中二少年遇上 zero,8:0,名前,121184,95,484
【天花板】阿提拉本尊,30:24,yane羽毛,408162,975,1477
【1月】/EXTRA Last Encore PV3【1080P】,0:38,Touwa_Erio,423634,768,2028
[ Grand Order]这是人类与神明决裂的命运时代,7:17,五等分的莉莉丝,168370,579,287
【/超燃/吾王】我的王啊~不列颠帝国已经没有饭了！,3:45,故事与酒e,199942,890,412
【剧场版/stay night [HF第三章]主题曲】《春はゆく(春逝) / Aimer》翻唱【花丸晴琉/花寄女生宿舍】,5:2,花丸晴琉Official,160180,596,718
【/Apocrypha漫评】为什么我不满齐格这个主角,5:28,飘过啦啦啦,318006,1932,6124
【】哟 saber士郎的盾可真好看，可惜不是给你开的,4:0,兔突兔凸兔,262292,87,372
【超原画级|4K】系列OP ED全合集 (AI画质提升版)  完善更新中~,107:3,Darkquanta,206447,2030,474
【𝟒𝐊/𝟔𝟎𝐅𝐏𝐒】/Stay Night Heaven&#39;s Feel III Rider vs. Saber 4K 全站最高画质,5:48,SVFI-Anime,165283,252,368
【/Grand Order】德川廻天迷宫 大奥 主题曲「深淵のデカダンス」完整版,8:0,=_=方泊,333352,407,474
【混剪】Lions Inside将猎物赶尽杀绝 让游戏开始吧【赠塞北羽山】,2:38,奥夫,146256,392,340
【 Rap Order】#1 奥斯曼狄斯 vs 吉尔伽美什,1:1,Coysee_凯西,174788,242,540
原来中还有这么多强者，大帝只能排第三，黑呆也才排第二！,6:47,动漫事件铺,18276,68,159
【人物志04】言峰绮礼为何是邪恶的伙伴？他究竟有着怎样的遭遇？,6:35,蓝格雷,207594,1822,691
【中文翻唱】【/stay night天之杯Ⅲ】主题曲「春はゆく(春逝)」,5:11,上楚,9643,10,64
经费爆炸，黑呆太飒了！【剪辑】,1:49,墨淋词,83762,55,86
【FGO】系列冠位从者盘点【ゆっくり型月解说】,20:1,家藏万卷book,39130,23,939
【乌鲁克饭】乌鲁克煎羊排套餐——美索不达米亚风味大餐 /Grand order绝对魔兽战线巴比伦尼亚 @盐鱼料理长,4:9,盐鱼料理长,206526,315,303
【史詩預告·MAD】-蒼穹下的戰火,8:0,相城,339901,2049,477
「/Grand Order」配信4周年纪念映像【中日字幕】,1:25,某壮QwQ,222446,442,687
【/全系列】人类史上最大的英雄谭,5:27,老咸很浮躁丶,20283,139,103
【史诗//zero/高质量】回想起来吧，老虚的夙愿,4:29,妖の战歌,136163,469,310
剧场版动画《/Grand Order -神圣圆桌领域卡美洛-》前篇正式预告片,1:45,哔哩哔哩游戏中心,238650,316,1424
【2019年】/Grand Order 绝对魔兽战线 巴比伦尼亚 角色PV【中文字幕】,0:46,红猫耳,314796,253,1226
【剧场上映】/Grand Order -终局特异点 冠位时间神殿所罗门- 最终决战CM【A-1×CW应援会】,0:16,A-1xCW交流研讨会,192257,21,1266
【好番推荐】一部不容错过的剧场版！,8:5,中二少年晓凯,199270,988,1042
【/fgo】度盘中的那些fgo趣图（第十二期）,5:0,diamond钻石桑,346563,2184,465
【】十大战斗名场景盘点赏析，绝灭即在此一刺，日轮啊，顺从死亡！【第三期】,15:5,希趴desu,273394,2149,1191
【诚实动漫预告】/STAY NIGHT -UBW- （修正版）,5:46,LeonBGM,365028,5691,522
【/grand order】我们罗马市民都是这么参加祭典的,22:4,游城7十代,255413,3386,1079
的孙悟空再次登场！这次是齐天大圣的侧面！【迦勒底周报70】,5:52,宝贝虎,123021,369,1060
【人物志17】最具FGO主旨的角色——罗玛尼·阿其曼,10:5,蓝格雷,139982,268,442
【OVA/6月/FGO嘉年华】/Grand Carnival OP动画,2:17,空灵雨迹,208819,146,424
为美好的型月重工献上祝福！《御宅评鉴指南》32 系列,13:32,RushSong,190580,1212,697
红米k30试玩 Extella Link手游[亚瑟王-月灵梦幻队](暗夜魔君投稿),3:7,暗夜魔君0137,43566,4,118
肥皂菌  Grand Order主题曲-色彩,1:35,肥皂菌丨珉珉的猫咪丨,302181,1083,1003
为什么说是三位一体的艺术?如何清楚看待正义的伙伴？【深度解读】第一期,15:20,蓝格雷,149890,5468,1142
「原神生日会国际版」逐帧动画Acquaint 相遇之缘,1:6,一点也不稀奇酱,73099,64,124
【人生自豪感系列】当自己写的小说突然变成了实体书，这会是一种什么样的体验？！,3:35,白凯愕德斯,52117,15,204
：命运,1:15,正经的英语,103642,107,245
宝具全开！史上最烧经费   HF 第三章 天之杯！！！,3:18,渚岸汐潮,207254,967,459
【人物志10】都说喜欢伊莉雅，但你真的了解她吗？,12:11,蓝格雷,206842,1325,1012
【/grand order】与阿福一起的2017迦勒底新年广播,22:1,游城7十代,265409,5253,1701
【7月/4K画质/双版本】/Grand Order「妖精圆桌领域 阿瓦隆·勒·菲(后篇)」动画CM【MCE汉化组】,1:4,夏日幻听MCE,193225,26,521
【好番推荐】一部不容错过的剧场版！,8:5,中二少年晓凯,199270,988,1042
【/fgo】度盘中的那些fgo趣图（第十二期）,5:0,diamond钻石桑,346563,2184,465
【】十大战斗名场景盘点赏析，绝灭即在此一刺，日轮啊，顺从死亡！【第三期】,15:5,希趴desu,273394,2149,1191
毒舌老外评论动画『_ZERO』(更正最终双语字幕版),9:19,尼禄NeRU,380757,7254,1394
【诚实动漫预告】/STAY NIGHT -UBW- （修正版）,5:46,LeonBGM,365028,5691,522
【/grand order】我们罗马市民都是这么参加祭典的,22:4,游城7十代,255413,3386,1079
的孙悟空再次登场！这次是齐天大圣的侧面！【迦勒底周报70】,5:52,宝贝虎,123021,369,1060
【人物志17】最具FGO主旨的角色——罗玛尼·阿其曼,10:5,蓝格雷,139982,268,442
【OVA/6月/FGO嘉年华】/Grand Carnival OP动画,2:17,空灵雨迹,208819,146,424
为美好的型月重工献上祝福！《御宅评鉴指南》32 系列,13:32,RushSong,190580,1212,697
红米k30试玩 Extella Link手游[亚瑟王-月灵梦幻队](暗夜魔君投稿),3:7,暗夜魔君0137,43566,4,118
【乌鲁克饭】还原版 乌鲁克牛油蛋糕——原汁原味的乌鲁克风味 /GRAND ORDER 绝对魔兽战线 巴比伦尼亚 @盐鱼料理长,3:20,盐鱼料理长,181270,262,322
为什么说是三位一体的艺术?如何清楚看待正义的伙伴？【深度解读】第一期,15:20,蓝格雷,149890,5468,1142
「原神生日会国际版」逐帧动画Acquaint 相遇之缘,1:6,一点也不稀奇酱,73099,64,124
【人生自豪感系列】当自己写的小说突然变成了实体书，这会是一种什么样的体验？！,3:35,白凯愕德斯,52117,15,204
：命运,1:15,正经的英语,103642,107,245
宝具全开！史上最烧经费   HF 第三章 天之杯！！！,3:18,渚岸汐潮,207254,967,459
【人物志10】都说喜欢伊莉雅，但你真的了解她吗？,12:11,蓝格雷,206842,1325,1012
【/grand order】与阿福一起的2017迦勒底新年广播,22:1,游城7十代,265409,5253,1701
【7月/4K画质/双版本】/Grand Order「妖精圆桌领域 阿瓦隆·勒·菲(后篇)」动画CM【MCE汉化组】,1:4,夏日幻听MCE,193225,26,521
【壁家讲坛】动画全被他毁了？烂片之王是如何炼成的,7:57,名作之壁吧,243567,2976,1221
【全系列/电影级】神话之战，于此重现,2:37,山驴丶,150930,600,405
 HF剧场版大赚！间桐樱为什么这么吸引人？,5:13,橙心资讯,330911,1365,3018
【弓凛】-星月神话,2:23,科学超电磁炮F,266495,1541,714
【OVA/10月/FGO嘉年华】/Grand Carnival 第二季 PV【F宅/1080P+】,1:49,空灵雨迹,131041,148,304
【/stay night】远坂凛与卫宫士郎的第一次约会,0:50,_Asuka_-,378697,149,138
「/stay night UBW」OP2专辑,29:0,浮夸你个头,347521,3402,574
【限界突破画质】/Grand Order CM集【直到CCC】,5:30,幻想乡的新月,309682,2256,376
漫画《帝都圣杯奇谭 /type Redline》发售宣传片,2:1,哔哩哔哩游戏中心,230573,220,833
《 stay night》梦的延续 saber线结局,12:24,百合花开伊吕波,361114,841,751
/ＳＷＥＥＴ ＰＯＴＡＴＯ,0:34,海目桑,39122,19,71
『』伊莉雅败，小黑战死，美游变圣杯，巨侠衰弱不堪，当魔伊开始有的内味……,4:9,一只柠萌QAQ,208097,499,608
史上最震撼的一场打戏！黑化—视觉盛宴！！【春の歌】,4:42,永远の小怪兽Fe,181493,478,307
「/Grand order」·亚种特异点详解·新宿幻灵事件,158:14,千葉型DJ,198053,1481,1035
【已翻译】B站 Zero第2话中未播放的卫宫切嗣与女儿伊莉雅对话,1:34,賣夢的人,337603,921,1707
【精选】HF线士郎不杀SABER，结局会怎样？,14:50,闷骚鸵鸟,341930,1357,1042
【官方回播】《/Grand Order》公测发布会,56:35,哔哩哔哩游戏中心,327475,8226,1370
【4K 60帧】系列全弓阶英灵宝具合集,7:55,雨落新晨5588,43495,141,75
「/Grand Order」手游新CM曲完整版「伍越同舟」中日歌詞／Tetsu Yamamoto,3:30,百億_光年,86180,17,147
2022年了，还有人记得嘛？还有人愿意继续喜欢嘛？,5:25,FGO涣浊,10679,124,226
【】这 些 英 灵 你 还 记 得 吗,4:1,天殇title,10030,13,60
【/grand order】快把那违章建筑拆了——万圣三期攻略,15:6,游城7十代,204714,1434,763
2022年了，还有人记得嘛？还有人愿意继续喜欢嘛？,5:25,FGO涣浊,10679,124,226
【】这 些 英 灵 你 还 记 得 吗,4:1,天殇title,10030,13,60
【/grand order】快把那违章建筑拆了——万圣三期攻略,15:6,游城7十代,204714,1434,763
【FGO】FA联动活动攻略：赠送免费活动从者齐格· Apocrypha 联动活动 内含攻略图,8:52,叫我棉被,181786,1487,2037
【AMV/】所谓理想，只是谨守初心，奋力向前就好,5:47,悠兰之翼,224003,1971,695
曾为刀剑神域，/Zero，魔法少女小圆配乐，大师如何诞生？动漫音乐四大才女梶浦由记,9:2,玲格,17433,169,109
【/Amv】怜悯与救赎 // Heaven&#39;s feel。,5:1,彼方酱吖,117766,323,275
【灵魂配音/翔少主】11分钟带你看完：/Zero！！,15:28,翔少主,195751,1051,168
 saber 曾有你的森林,5:15,名字什么的才不告诉你,229622,3540,924
三分钟带你了解全系列观看顺序,3:13,A先森-,254476,364,612
【/grand order】今年终于可以拿男人的巧克力了——情人节复刻活动攻略,19:21,游城7十代,175910,3316,1116
【人物志11】为何切嗣无法救赎?我们的正义究竟应该如何理解？,12:41,蓝格雷,193515,973,1054
「/Grand order」·亚种特异点详解·屍山血河舞台 下総国,174:21,千葉型DJ,196152,1369,915
【全系列无缝】这可能是你最近见过衔接最流畅的,2:57,丶武道魂丶,198248,460,257
的正确打开方式-- DAYS,4:14,国之栋梁QAQ,355465,4032,523
【/迦尔纳个人向混剪】承包小太阳盛世美颜！,0:49,缺少睡眠的小缘,22919,13,148
【】十大战斗名场景赏析，身为王，就应坐以静待！【第二期】,18:19,希趴desu,202535,2198,1271
 Grand Carnival - 那位大人来了，真正的黑贞德,3:3,令天天,208674,268,329
宛若天使降临！查理曼宝具演示【/extella LINK】,0:59,闷骚鸵鸟,353918,129,309
/stay night hf线决战 麻婆士郎决战,28:56,情弱NK,359202,748,831
：黑樱能打几个麻婆？,1:29,渔肆,18308,3,83
-天之杯 R姐无敌！R姐VS黑呆完整版,6:33,沐小宸111,298011,369,295
【/AMV】贞德个人向——我身负双翼，全副武装,3:44,来自深渊的贤者,241317,523,458
【FLY闇部】/Grand Order舞台剧！fgo第六章！2018年12月FLY动漫社校演《为你谱写的故事》舞台剧+花絮,28:12,郑州大学FLY动漫社,5268,31,57
【/燃向】为了那如今已然到达的理想之城,3:42,JiugaipinRu,248993,667,335
开箱测评 命运/Grand Order始皇帝手办,1:13,阿鹿toysir每日模玩潮玩,6910,19,63
【鬼畜/洗脑循环/】迦勒底全明星热唱Gentleman,1:21,菠菜好大,193590,365,153
【/EXTELLA LINK】库丘林 VS 斯卡萨哈《师徒对决》,10:57,近衛君,358926,899,456
【 /Grand Order】史上规模最大的圣杯战争！,2:37,hbpzero,319777,837,261
“2021年了，还会有人为点进来吗”,2:9,白色的橘猫,141789,2245,296
【全程高燃】/stay night  英雄们的盛宴,4:7,节操在哪买啊,299573,2774,422
【8月/剧场版/有新画面】/stay night [Heaven&#39;s Feel] 第3章 春之歌 全新定档PV【MCE汉化组】,1:56,夏日幻听,290811,170,1007
【/催泪/伊莉雅】命运的枷锁,4:30,吾王酱丶,170722,2593,2563
【丸子 FGO】FR联动活动攻略·一图流·高难配队&amp;打法~「/Requiem 棋盘游戏默示录」,23:27,丸子,130947,500,553
【/HF3完结纪念】“此身为剑所天成，只为救你于水火”——【天之杯AMV系列-中篇】,4:44,Berta佑,230402,181,575
抛开元素，《宿命回响》第1话都有哪些亮点【新人主观番评+剧情预测】,8:2,夏洛克-薇尔莉特,92512,120,333
『/Grand Order Arcade』Servant介绍视频 梅林〔Prototype〕,1:26,棗黑子Ms,264690,273,1195
【人物志】玉藻前有着怎样灰暗的过去？高扬斯卡娅是怎么回事？,16:10,蓝格雷,152450,579,575
【1080P】【/Grand Order】1.5部新章CM「亚种特异点Ⅰ 恶性隔绝魔境 新宿幻灵事件」,0:15,莉莎娜,334873,237,355
《/EXTRA》重制版《/EXTRA Record》开发启动！,6:43,哔哩哔哩游戏中心,218762,1261,1537
【】如果FGO来中国拍，这个样子你喜欢吗,3:23,渣天王,125023,2187,607
【轻松漫谈】浅谈/hollow ataraxia（二）：巴泽特·弗拉加·马克雷密斯,16:18,游城7十代,118433,783,508
惊！《奔跑吧》又双叒叕使用了《/Stay Night》BGM,0:38,叫我伊卡呀,341116,441,998
来自的诱惑（两仪式、saber、远坂凛）,4:14,邪胤主流,85977,86,308
【/沙雕手书】卫宫·正义嘿嘿剑【平成嘿嘿剑/声优梗】,0:34,纸欣Dream,226925,206,379
【】士郎居然强吻saber,0:31,末日人机在微笑,287026,700,1401
【/全系列/燃向】全员开大!!!感受这场巅峰盛宴吧!!,7:18,秋山澪゛,158222,983,274
【BDrip】/Apocrypha 精彩打斗场面集锦（重新上传）,138:38,达斯比斯_DarthBece,234584,2622,856
【/Grand Order】5★复仇牛若丸宝具动画,0:25,七叶真弦,315567,25,200
【FGO】/Grand Order 全预告合集【截至2022年情人节宣传CM】,96:42,魯邦叁世,241423,802,252
【系列】全程高燃！英灵对决全宝具展开 这才是整个世界的巅峰！,4:59,北城゛侦探,204316,403,143
【/吉尔伽美什/金闪闪/AMV】高帅预警｜以你之爱侵染我，以你之毒灌满我｜E.T.,0:54,llo_oll最近上头埋星了,190895,352,332
【8月/剧场版】/stay night [Heaven&#39;s Feel] 第3章 春之歌 上映中PV【MCE汉化组】,2:42,夏日幻听,281775,99,659
【/Grand Order】命运-冠位指定cos接力,6:31,岁颜颜颜颜,120622,534,528
最燃片段之一，黑化吾王,2:52,清笠月影,257457,439,335
【/stay night】测一测，你会是哪一位英灵？,3:12,無灬月月,151783,2535,1419
「/Grand order」·人智统合真国 SIN 红之月下美人 初见实况视频,171:41,千葉型DJ,224738,1293,886
【2020年1月】/Grand Order 绝对魔兽战线 第2季度 PV【MCE汉化组】,1:1,夏日幻听,252673,204,850
【剧场版/7月/FGO】/Grand Order -终局特异点 冠位时间神殿所罗门- 上映中PV【F宅/1080P+】,1:34,空灵雨迹,138750,48,486
【中文字幕1080P】【/Grand Order】第二部新英灵介绍CM 第1弹、第2弹！Saber   Rider（2018.3.10）,1:0,=_=方泊,321087,163,934
[/EXTRA]还是原来的二爷，还是熟悉的味道,1:43,bless暴雪,349714,74,59
【7月】/Apocrypha PV3 / CM2【1080P】,2:0,Touwa_Erio,298507,1656,2614
【闪恩/金固】本王的朋友自始至终仅有他一人【吉尔伽美什/恩奇都//GO/FGO/命运-冠位指定 绝对魔兽战线 巴比伦尼亚/关智一/小林优】,3:47,汲川同学,45542,38,188
【/高燃/60FPS】就让神话之战，于此重现吧！,4:41,冷夜小鸽,261814,1391,340
【Ayasa】/stay night 剧场版第一章主题曲 『花の唄』（Aimer）,5:12,Ayasa绚沙,126270,344,621
【全英灵/节奏踩点向/燃爆全场，满足你的强迫症】我永远喜欢！！！,2:21,Prefazione言序,163649,464,435
剧场版上央视，专家不愧老司机+观影感受【moon】命运之夜 ~恶兆之杯 HF线 樱（大家抽到自己心仪的色纸了吗？）saber～cctv6影评 推荐与介绍,8:12,超高校级的moon,280934,1928,2014
【/高燃】红A封神Archer vs Lancer,2:30,金灿灿呦,307784,190,803
【/全系列/燃】英灵乱斗 宝具解放！,4:7,某二丶,239801,488,226
【/大片向】真正的英灵召唤，超然高能！,2:54,科学超电磁炮F,217292,520,531
【剧情番剧】命运：奥尔加之夜 第一集：英灵召唤 /flowers of hope UBW  异世界奥尔加系列  FsnX铁血的奥尔芬斯,8:24,笛木笛木笛-橙汁form,189763,1203,388
『⁄EXTELLA』开场OP动画，真爱尼禄。,1:41,近衛君,295670,1017,300
「/Grand order」·异闻带详解·红之月下美人,188:33,千葉型DJ,195433,848,446
【英灵齐聚/史诗剪辑/AMV】胜之而不灭，霸之而不辱，是畏征服！,5:28,万恶の金皮卡,160600,1248,470
最虐的剧情之一，最忠诚的骑士VS最忠诚的骑士，神圣圆桌领域后篇（附手游动画快速入坑）,8:9,老会长阿迪,50614,89,158
黑saber登场！/stay night HF剧场版第二章PV,1:8,Anime_Geek,326742,207,648
 HF 樱之梦结局,6:55,进宇萌主,313250,562,437
[FGO抽卡]新クラス・プリテンダー！オベロンを欲しすぎたコスプレイヤーの末路【/Grand Order】,40:53,Latteらて_拿铁,36895,44,152
【虚 拟 圣 杯 战 争】 Dero,2:33,_nA1i,164879,624,431
/Grand Order 全主线剧情【2.4更新中】,2601:8,liznics,190343,6711,386
妖精的尾巴 Fairy Tail [AMV] 露西 vs 冥府之门 × A Demon&#39;s ,5:23,AhXiangg,10900,6,38
我的世界：在MC施展的魔法！寰宇之剑当弹药！无限剑制启动！,5:18,叶子解说世界,226691,941,392
【熟肉】/Grand Order 迦勒底广播局 #1 嘉宾（川澄绫子）(2017.01.10)【胡馆长字幕组】,115:21,是假发不是特效,255961,4645,325
【FGO】/Grand Order 新活动「迦勒底夏日活动～追逐着梦的少年与充满幻想的少女～」动画CM【F宅/1080P+】,0:16,空灵雨迹,113907,24,158
【1080P60补帧向】~/stay night~ 吉尔伽美什VS卫宫士郎（无限之剑制）,7:27,十二月的毛毛,226150,1251,1122
【1月】/EXTRA Last Encore PV3【1080P】,1:30,永恒的武嘉,280280,1065,2200
［燃系］这次，我要凭自己的意志，与世界为敌,5:6,mbiu没姿色的面包,143876,537,361
【FGO丸里瞎】/Grand Order 迦勒底放送局 Vol.18 迦勒底·夏日大冒险 ~追梦少年与怀梦少女~ 开幕直前SP,6:44,丸子,83174,243,252
【60帧】/无限剑制片段,6:53,七濑丸n,259948,808,695
【】更大，更好，更强的远坂凛！！,0:31,是瑾沫哟哟哟哟哟,100510,64,255
《/EXTRA Record》开发中实机画面（2020.12）,1:7,哔哩哔哩游戏中心,205013,161,774
【/无限代码】巴姐被麻婆背刺·大狗复仇片段,12:41,EX-萌欧耶,12511,6,66
【FGO】/Grand Order 新活动 「地狱界曼荼罗 平安京 轰雷一闪」动画CM【F宅/1080P+】,0:31,空灵雨迹,268335,28,132
【/GO】恩奇都：这位是我挚友，请Master一并收下！,4:44,JKexx,278327,973,473
【8月15日上映/附主题曲歌词】 HF剧场版第三章自制预热PV,2:27,愉悦のRudeus,179071,292,1198
【剧场版】 stay night [Heaven&#39;s Feel] 第二章 Lost butterfly最新预告PV【1080P/中字】,1:31,流牙乱舞,272794,312,724
《/EXTRA CCC》杀生院 BOSS战,34:27,毒舌作家真君,272312,1441,471
【】要跟酒吞童子喝一杯吗？,0:7,千城夜v,2195,1,25
《/Grand Order Arcade》布拉达曼特的近距离欣赏！,7:37,春天小饼,63506,46,156
动画『/Grand Order -终局特异点 冠位时间神殿所罗门-』上映中PV,1:34,棗黑子Ms,100288,114,940
【 Grand Order】TVCM集超清1080p【第1部至1.5部+空之境界+FZ+伊莉雅活动+CCC特别活动+夏日泳装活动】,15:21,羁绊守望者,238514,1077,349
英灵聚集 宝具全解 这就是巅峰盛宴！,2:36,白轻云,15595,31,92
【宝具全开！】史上最燃魔法咏唱！！,1:30,Haneka,186294,68,221
【FGO丸里瞎】/Grand Order 迦勒底放送局 Vol.19  轻量版 ～咕哒咕哒龙马千钧一发～ 开幕直前SP,8:20,丸子,44898,128,145
【4k】/go厨专属版历史年表，见证人类英灵的史诗神话（观看4k版本时请注意流量消耗）,10:58,嬴长卿,112179,518,268
「/Grand order」·异闻带详解·黑色最后之神,193:9,千葉型DJ,162977,893,779
生日快乐！感谢陪我走过的这一年的时间【系列混剪】,6:8,your-umbrella,51771,266,267
【FGO/整活】最新衍生作《/LoveOrder》宣传片公开！2020.6.31正式上线~（误）,2:41,AShawn阿栓,185917,323,348
【沙雕手书】健身吧！韦伯维尔维特！,1:15,纸欣Dream,125785,233,234
【暗猫】用梶浦大妈的方式打开/Apocrypha~大片燃向AMV~,3:56,暗猫の祝福,142101,709,896
【手办测评】/grand order 黑saber礼服ver. 2021再再版 手办开箱测评,2:20,蛋蛋尼尔dan,57419,23,62
/Grand Order cosplay 预告,1:44,Studio4thWall,179831,418,555
• 施特拉德的诅咒动画 • Smiling ,3:4,风云寄回,2466,0,18
【/Prototype】沙条爱歌cut【生肉】,0:23,利兹Leeds,250404,161,914
 Grand Order 「AMV」- RISE,3:10,孤独的污师,223996,404,682
二胡版 stay night《骑士王的荣耀》,2:19,美泉二胡,115366,224,809
【剧场版/8月27日/门胁舞以】/kaleid liner 魔法少女☆伊莉雅 Licht 无名少女 正式预告1【F宅/1080P+】,2:6,空灵雨迹,148198,68,477
【老婆分级榜】间桐樱排名男默女泪!远坂凛居然！【老婆分级表】第四弹！,9:20,华白雨,154148,5049,1176
【FGO嘉年华/丹下樱】  Grand Carnival OVA「英灵极限大祭奥林匹亚」【F宅/1080P+】,13:33,空灵雨迹,185517,724,224
【#COMPASS】想对着英雄用王の践踏【联动】,9:20,猫宫日向Official,154715,544,556
【/grand order】女帝大人！巧克力通货膨胀了——情人节三期攻略,12:55,游城7十代,164365,1390,547
【用风俗娘打开】型月英灵评鉴指南,2:1,擦_,140087,247,322
【】补魔--姐妹篇,9:15,墨咲ruler,236863,749,252
【FGO/坂本真绫/完整版】命运-冠位指定(/Grand Order) 新OP「跃动」【F宅/1080P+】,4:11,空灵雨迹,172321,222,310
【1080P60补帧向】~/zero~ 卫宫切嗣VS言峰绮礼（第25集）,4:58,十二月的毛毛,224200,486,411
【AMV】【间桐樱 x 卫宫士郎】/Stay Night Heaven&#39;s Feel x ネモフィラ（喜林草）【字幕施工中】,4:36,月球厨师莱恩,51285,54,46
【undertaleAU科普】Inverted ,5:15,僵尸君呀,222689,397,268
【/ZERO十周年】第四次圣杯战争开战！,4:46,王厨大胜利,53818,238,279
【中文字幕1080P】【/Grand Order】第2部第5章 星间都市山脉 奥林匹斯 TVCM,0:31,=_=方泊,259171,55,203
【】伊莉雅：哥哥必须保护妹妹，但我是姐姐哦,2:15,会吃芥末的鱼,168052,205,368
【剧场版】/stay night [HF]第三章spring song PV,1:34,番剧资讯姬,183452,246,677
/stay night 全剧情（含全部选项分支、全老虎道场、小剧场、后日谈、隐藏结局）,5011:43,绫波火美子,64777,697,334
【FGO丸里瞎】/Grand Order 迦勒底放送局 Vol.18 Halloween Rising！~沙尘女王与暗黑使徒~ 开幕直前SP,7:27,丸子,52268,134,167
【剧场版/8月】/Grand Order -神圣圆桌领域卡美洛- 前篇Wandering；Agateram 特报2【F宅/1080P+】,1:7,空灵雨迹,227312,204,642
【/燃向/MAD】理想与正义!,5:45,呆毛王世界第一,58291,287,179
【全程高燃】永远的 Stay Night ! ! !,3:9,大宰さん,108971,155,161
/Grand Order TVCM [2019.01],0:16,命运-冠位指定,194660,309,1388
"快速看完一局韩服王者斗殴局#467 Tank,Kabbie,Cuzz,(KR),Life,Teddy",13:45,yizhilugou,160909,1226,420
【/Love is gone】压抑到极致的瞬间燃爆！以英灵之躯，超越神明！,3:23,凛也是正义の伙伴,130791,454,480
【6月/4K画质/FGO嘉年华】/Grand Carnival OP映像【4K收藏级画质】,4:32,夏日幻听MCE,159381,54,171
【/HF完结纪念】此身乃剑所天成,5:29,丶丶十七丶,42998,101,189
【FGO】/Grand Order 配信4周年纪念影像【F宅/中日双语/1080P+】,1:9,空灵雨迹,179493,190,264
【剧场版/2019年】/stay night [Heaven&#39;s Feel] Ⅱ.lost butterfly CM(15S)【F宅/1080P+】,0:16,空灵雨迹,256465,46,573
[]型月史上演出最爆炸的静态CG之二,0:55,爆裂菊,237894,46,204
《／stay night ubw》-OP「Brave Shine」（完整版）,4:16,亚瑟Kingsley,201343,262,209
每当你在房间里看，朋友进来的时,1:22,Fornde,185826,164,148
剧场版动画《/Grand Order -神圣圆桌领域卡美洛-》前篇上映前PV,1:23,哔哩哔哩游戏中心,162409,138,718
[]尼禄皇帝的宝具！实在是不要太帅！,0:39,话说这算什么,254572,39,86
系列由此发生转折，ufotable突破自我上限的一作——《/stay night [Unlimited Blade Works]》系列作画MAD,3:58,动画魂-Anitama,111630,137,672
【/ 燃向/MAD/全程高燃】王来承认，王来允许，王来背负整个世界,3:58,cwh我依然在,194517,360,189
【人物志09】牛若丸到底有多悲运？又为何被世人敬仰？,6:49,蓝格雷,146986,1125,246
【经费爆炸】吾乃斯巴达国王 列奥尼达【炎头真男人】,1:22,史莱姆Rimuru,221940,146,302
《 HF第二章》红A为了士郎放弃了太多了！,1:59,凉风子君,255644,158,953
从零开始入坑 FGO！/Grand Order,7:1,Tap加速器,6290,33,151
扎比子一出场领便当，只是因为她是后宫王【/EXTRA Last Encore】,6:54,空灵雨迹,236944,856,2681
【FGO广播剧动画】半夜抽卡更容易出货？ GudaGuda Order drama CD #④,3:51,小强凌凌柒,113210,354,245
【剧场版/5月/FGO】/Grand Order -神圣圆桌领域卡美洛- 后篇 Paladin; Agateram 正式预告1【F宅/1080P+】,3:44,空灵雨迹,196300,102,513
【/高燃】妖精圆桌领域 十三拘束解放 圆桌决议开始,3:15,猫奴零,112111,85,118
宝具全收录！收录动画中的所有宝具，FGO宝具和动画宝具对比（持续更新中！）,79:53,咖啡Gaming,83703,794,322
剧场版「/stay night [Heaven&#39;s Feel] 」第三章 Original Sound Track（OST原声大碟）,155:26,羊小星,167551,278,729
『/stay night [HF]』（春はゆく春逝）春日终将逝去，但我永远在你身边,5:4,傅里叶的yang,134616,248,546
【/樹海】あなたがいた森（1080P现场 双语字幕）,5:10,黑桐kokuto,13287,17,84
【】测一测，你最适合的职阶会是？,3:54,無灬月月,54059,693,683
【/Zero】测一测，最适合你的英灵会是？,4:0,無灬月月,43732,459,455
/fgo  果然在迦勒底学妹才是最棒的,0:33,绘率,17312,6,41
【】带你认识各作品中的远坂凛与间桐樱（FHA篇）,34:38,激萌の堕酱,28490,434,72
【】卫宫巨侠向英灵殿的请求，回应的是他所有未来的可能性。,6:39,朔方寒光,34960,58,119
（中文字幕1080p＋）  first project大嗨日SP（2017）,6:2,vists,194682,736,120
【高燃/系列补完向】英灵的光辉,7:16,梅林L丶,137639,543,198
「/Grand order」·异闻带详解·击落神明之日,185:33,千葉型DJ,110312,175,177
【/GO】该来的还是来了....,8:16,近衛君,239522,631,1918
【undertaleAU科普】Inverted ,5:15,僵尸君呀,222689,397,268
【/ZERO十周年】第四次圣杯战争开战！,4:46,王厨大胜利,53818,238,279
【中文字幕1080P】【/Grand Order】第2部第5章 星间都市山脉 奥林匹斯 TVCM,0:31,=_=方泊,259171,55,203
【】伊莉雅：哥哥必须保护妹妹，但我是姐姐哦,2:15,会吃芥末的鱼,168052,205,368
《STill RNG》夏季赛第一期：,3:19,RNG电子竞技俱乐部,170859,447,1141
【剧场版】/stay night [HF]第三章spring song PV,1:34,番剧资讯姬,183452,246,677
/stay night 全剧情（含全部选项分支、全老虎道场、小剧场、后日谈、隐藏结局）,5011:43,绫波火美子,64777,697,334
【FGO丸里瞎】/Grand Order 迦勒底放送局 Vol.18 Halloween Rising！~沙尘女王与暗黑使徒~ 开幕直前SP,7:27,丸子,52268,134,167
【剧场版/8月】/Grand Order -神圣圆桌领域卡美洛- 前篇Wandering；Agateram 特报2【F宅/1080P+】,1:7,空灵雨迹,227312,204,642
【/燃向/MAD】理想与正义!,5:45,呆毛王世界第一,58291,287,179
【全程高燃】永远的 Stay Night ! ! !,3:9,大宰さん,108971,155,161
/Grand Order TVCM [2019.01],0:16,命运-冠位指定,194660,309,1388
【FGO1.5部】/Grand Order 新宿幻霊事件【TVCM 第8弾 】1080P,0:15,幻想乡的新月,254632,287,912
"快速看完一局韩服王者斗殴局#467 Tank,Kabbie,Cuzz,(KR),Life,Teddy",13:45,yizhilugou,160909,1226,420
【/Love is gone】压抑到极致的瞬间燃爆！以英灵之躯，超越神明！,3:23,凛也是正义の伙伴,130791,454,480
【6月/4K画质/FGO嘉年华】/Grand Carnival OP映像【4K收藏级画质】,4:32,夏日幻听MCE,159381,54,171
【/HF完结纪念】此身乃剑所天成,5:29,丶丶十七丶,42998,101,189
【FGO】/Grand Order 配信4周年纪念影像【F宅/中日双语/1080P+】,1:9,空灵雨迹,179493,190,264
【剧场版/2019年】/stay night [Heaven&#39;s Feel] Ⅱ.lost butterfly CM(15S)【F宅/1080P+】,0:16,空灵雨迹,256465,46,573
[]型月史上演出最爆炸的静态CG之二,0:55,爆裂菊,237894,46,204
《／stay night ubw》-OP「Brave Shine」（完整版）,4:16,亚瑟Kingsley,201343,262,209
每当你在房间里看，朋友进来的时,1:22,Fornde,185826,164,148
剧场版动画《/Grand Order -神圣圆桌领域卡美洛-》前篇上映前PV,1:23,哔哩哔哩游戏中心,162409,138,718
[]尼禄皇帝的宝具！实在是不要太帅！,0:39,话说这算什么,254572,39,86
系列由此发生转折，ufotable突破自我上限的一作——《/stay night [Unlimited Blade Works]》系列作画MAD,3:58,动画魂-Anitama,111630,137,672
【/ 燃向/MAD/全程高燃】王来承认，王来允许，王来背负整个世界,3:58,cwh我依然在,194517,360,189
【人物志09】牛若丸到底有多悲运？又为何被世人敬仰？,6:49,蓝格雷,146986,1125,246
【经费爆炸】吾乃斯巴达国王 列奥尼达【炎头真男人】,1:22,史莱姆Rimuru,221940,146,302
《 HF第二章》红A为了士郎放弃了太多了！,1:59,凉风子君,255644,158,953
从零开始入坑 FGO！/Grand Order,7:1,Tap加速器,6290,33,151
扎比子一出场领便当，只是因为她是后宫王【/EXTRA Last Encore】,6:54,空灵雨迹,236944,856,2681
【FGO广播剧动画】半夜抽卡更容易出货？ GudaGuda Order drama CD #④,3:51,小强凌凌柒,113210,354,245
【剧场版/5月/FGO】/Grand Order -神圣圆桌领域卡美洛- 后篇 Paladin; Agateram 正式预告1【F宅/1080P+】,3:44,空灵雨迹,196300,102,513
【/高燃】妖精圆桌领域 十三拘束解放 圆桌决议开始,3:15,猫奴零,112111,85,118
【/HF】即使这个世界再黑暗，我也要成为你的英雄！,2:55,篽筌笙筱,252555,537,1048
宝具全收录！收录动画中的所有宝具，FGO宝具和动画宝具对比（持续更新中！）,79:53,咖啡Gaming,83703,794,322
剧场版「/stay night [Heaven&#39;s Feel] 」第三章 Original Sound Track（OST原声大碟）,155:26,羊小星,167551,278,729
『/stay night [HF]』（春はゆく春逝）春日终将逝去，但我永远在你身边,5:4,傅里叶的yang,134616,248,546
【/樹海】あなたがいた森（1080P现场 双语字幕）,5:10,黑桐kokuto,13287,17,84
【/FGO】你们老婆们的JOJO舞~黑帮摇,1:34,O一A一A,168110,148,119
【剧场版/FGO】/Grand Order -终局特异点 冠位时间神殿所罗门- Blu-ray&amp;DVD 发售告知PV【F宅/1080P+】,0:16,空灵雨迹,65337,7,96
【】saber、樱、凛的官方后宫教程（失败版）,3:28,旧番就是昨天的番,15116,157,35
【JOJO x 】惨遭删减的JOJO版系列OP【# 第二期】,1:31,Berta佑,112567,238,298
【/hollow ataraxia】11,43:31,苍月QB,6349,3,49
【10月】/Grand Order 超古代新选组列传 咕哒咕哒邪马台国2020 动画CM【MCE汉化组】,0:39,夏日幻听,193142,27,302
【英灵档案】中的黄衣之王哈斯塔,6:25,小贝初号机,37745,18,115
【鬼泣5】 May Cry【尼禄&amp;高文&amp;卫宫MOD】,11:46,幻想終焉,16307,86,84
"【住手，你们不要打了第二期】屠龙之巅,齐格飞与齐格鲁德的尬舞对决",1:28,小贝初号机,188309,221,484
.HF.Ⅲ  Saber vs Rider 宝具对轰 1080p 60帧,1:47,菜伦,178582,105,588
【/Grand Order】限时联动角色「钟离：尘世闲游」,1:14,白石泽林,132856,130,3740
【】五战三线中闪闪都是怎么浪死的,5:21,闲鱼风,165993,493,1896
【】召唤英灵台词教学！,7:13,一人役配音,91238,217,285
Does an angel contemplate my ..,4:9,夏亚的天空2021,10203,175,212
惊艳!!!街头现场连唱《/Zero》三连曲!!!路人都燃起来了!!!,5:55,樱萍Apple,67760,2900,219
【/Zero】测一测，你会是哪一位英灵？,3:5,無灬月月,113812,1371,926
【中文字幕1080P+】【/StayNight HF剧场版第二章】lost butterfly 特報第1弾,1:31,=_=方泊,219911,151,627
T1 vs LSB 48分钟牵扯！ Faker对线淡定单杀  妖姬poke偷伤害44k输出！ Game 2 | 2021 LCK夏季季后赛精华 High,12:12,最强联盟,93912,464,847
【/Grand Order】五周年纪念_阿尔托莉雅·Caster_Live2D皮肤实装展示，这就叫玩家的执念！！,5:19,草明啊草明,72710,265,656
【 HF】〔间桐脏砚〕太不可思议！俊朗的青年竟然变成了丑陋的虫子？！,3:14,月笼纱え,175677,154,475
【中日字幕】【 grand order】KOCHO《明鏡肆水》,5:26,火無敵國中生,172895,35,116
:金闪闪三次乖离剑,2:43,DEVIL-白夜,13605,5,46
史上最烧经费的打戏！最后的八艘跳！ 这才是的魅力！,3:28,二代二代,152757,227,469
【/Zero】测一测，你最像哪位英灵？,3:38,無灬月月,110598,1855,1010
【 stay night/剧情向MAD】“那个平凡的属于阿尔托莉雅的梦，我守护住了吗”,6:12,ArtoriaPMOS,30645,4,84
AI评选出的515名《》系列角色颜值排名 第一名会是谁？！,17:11,百言byan,170533,5490,658
【/卫宫士郎/高燃】无限剑制-身为剑所天成,7:50,天地侵略者-熊猫人,40844,104,111
【4K/剧场版/7月/FGO】/Grand Order -终局特异点 冠位时间神殿所罗门- 上映前PV【F宅/1080P+】,7:33,空灵雨迹,84788,15,364
《/Grand Order Arcade》5.22游玩！弓凛开局！,4:22,春天小饼,205513,125,381
神话之战于此再现！史上最强英灵对决！【4K/FGO六周年纪念】,2:9,Ishi丶,68533,157,170
【/万古生香】全员女性！新增三无版,9:50,克劳德-史卡雷特,107406,492,174
炫动卡通电视台 命运前夜（/zero）中文主题曲【自制】,1:30,Sou177,155697,929,779
【【剧场版/命运之夜天之杯三：春之歌【[日语中字1080p]「/stay night [Heaven&#39;s Feel] 」第三章,62:34,不爱青菜爱花菜,7358,0,4
【剧场版/中字】/Grand Order 终局特异点 冠位时间神殿所罗门预告PV,1:52,流牙乱舞,131035,129,536
【/Grand Order】 2.3章 人智统合真国主题曲 「Thest」完整版,3:39,=_=方泊,178616,167,608
【电吉他】/Grand Order -终局特异点 冠位时间神殿所罗门- ED - Eternity Blue - 愛弓,4:30,Le514-村人B,5611,4,36
【互动视频】在中，你最适合做哪个职阶的英灵？,14:19,镜中愿,101911,1329,866
HF第三章销量为fgo第六章的15倍！小太刀真不配写【迦勒底周报57】,6:21,宝贝虎,119197,633,575
【/圣杯大赛/第7集】世界唯一和平的方法就是愉悦！,5:21,妖の战歌,115174,286,371
 Grand Order神圣圆桌领域卡美洛后篇：“我兰斯洛特今天就要为了女儿掀翻圆桌”,4:43,小伍奔跑中,11754,13,37
【系列】吾王深情告白，最喜欢的一版，没有之一！,1:41,木易小垚,164115,226,398
「动画」你最喜欢的角色是？！#日网2万人投票（F/SN和F/Z）,1:32,大概更喜欢纸片人,281,3,7
《/Grand Order Arcade》提亚马特实战,7:51,春天小饼,48783,32,99
[逮虾户]今天不打圣杯战争了一起逮虾户噗噗( •̀∀•́ ),8:36,小楠忄,211130,1120,324
【】旧版fsn金闪闪虐杀C妈,2:29,niconico岳小枫,245638,1135,402
七分钟回味最震撼的战斗 黑Saber VS Berserker 之视觉盛宴,7:12,奶茶七分糖丷,179453,673,535
【/kaleid liner】正义与我何干，我只为她一人,4:17,何须多说,169310,545,855
【/Requiem】FGO5周年联动的F/R世界观、人物设定全解析（上）？,10:7,Arthur是昵称,110153,926,584
全职阶英灵原型介绍#3 枪阶,5:44,AC大集结,13205,43,44
【AMV/凄美/ STAY NIGHT HF 剧场版】樱之梦  士郎：我，要成为樱这边正义的伙伴。,3:33,进击的金斗君,191929,421,481
【克苏鲁神话一季  十二期】《异形》《潜行吧！奈亚子》《 Zero》《钢之炼金术师》《蝙蝠侠》《林中小屋》与克苏鲁神话。,16:50,钱丢丢-,167887,1408,465
【剧场版/2019】/stay night [Heaven&#39;s Feel] Ⅱ.lost butterf 特报第1弹【次元中转站/1080P】,1:31,次元中转站,232617,330,736
《》最弱英灵? 最弱主人? 一首《radiant》带你看不会燃的打斗画面,4:24,耀剪辑,37322,50,209
【2020年/剧场版】/Grand Order -神圣圆桌领域卡美洛- 先导PV【MCE汉化组】,0:57,夏日幻听,195256,271,764
【 stay night HF春之歌】终局，看看火力全开的R姐吧。来为R姐的颜值打call吧。,2:11,宁子物语,231401,60,247
【/闪恩】可是我惹怒了神明，让你去还那么年轻,2:6,锦瑟一弦思,1359,37,19
［］呆毛王 saber 呆萌片段,11:25,pahjon,202594,1877,367
   震撼心灵的打斗场面,4:2,青衣行酒w,248216,356,74
【FGO】/Grand Order 新活动「超古代新选组列传 咕哒咕哒邪马台国2020」TVCM【F宅/1080P+】,0:39,空灵雨迹,211807,43,198
【/金闪闪X恩奇都/AMV】真的，好想念你啊，吾友,1:29,Prefazione言序,213372,433,434
手机版《/EXTELLA》《/EXTELLA LINK》宣传片  现已推出！,0:30,哔哩哔哩游戏中心,164940,78,842
宁王暗示肉鸡不行 中路打不过对面！大喊:圆一下！顺带回顾s9宁王 抢功劳 名画面！！,1:6,菠萝小山坡,232868,323,1612
【动漫不白看】深入剖析：系列最强的第八职阶——Teacher！,11:51,水番ZZ,188221,1710,892
【/剧情向/撒狗粮】伊莉雅与士郎的幸福生活,4:54,伊莉雅斯菲尔づ,194532,1098,746
【人物志14】黑深残和爱的圆舞曲！Fatezero漫谈(上）,13:57,蓝格雷,15535,90,273
(个人翻译)『 Grand Order Arcade』梅莉 个人空间 羁绊语音,2:19,よっっちゃん,205765,79,202
「Aimer」一把木吉他能有多燃？LAST STARDUST -  Stay Night,3:36,神奇无比小炒肉,125665,123,310
盘点11号上映的《/HF》中被删减的片段( ˘•ω•˘ ),1:21,Alarece,199960,268,943
版~绝地求生-痴鸡小队险被灭团，绝地求生英勇“诛仙”,3:6,友军N代,222596,307,164
/EXTRA CCC×/Grand Order 特别活动「BB亲的逆袭 在电子之海相遇吧！」,0:15,命运-冠位指定,192833,463,2482
一口气看完【系列】最精彩最帅的22场打戏,79:33,酋长气质的笨小鬼,16896,45,33
【2021年6月/OVA】FGO嘉年华 新作OVA「/Grand Carnival」发售决定PV【MCE汉化组】,0:16,夏日幻听,196010,19,234
/stay night HF线第三章春之歌 预告,1:19,小妖小妖ol,231558,46,798
【熟肉】【毒舌老外】【gigguk】30分钟将整个系列解释得稀烂,31:11,火柴的火花,76841,947,630
【FGO/坂本真绫】命运-冠位指定(/Grand Order) 第二部 后半部分OP动画「跃动」【F宅/1080P+】,1:41,空灵雨迹,165267,143,510
【/高燃】苦肝三年，一朝弑神！FGO五周年纪念，哔哩哔哩干杯（ ゜- ゜）つロ！！！,3:52,二拾又五,95999,235,245
【/GO日服】官方玩笑最为致命！一回合盐川飞Ma局,1:31,近衛君,237930,608,978
【/宝具解放/高帅】我不会温柔地杀掉你的,2:20,某二丶,150899,221,355
『/fgo』小莫的千层套路,1:10,鸽鸽楽,165922,80,292
【鬼灭之刃 x 】全站最还原！违和感归零的OP制作第二弹——Brave Shine版鬼灭之刃OP,2:8,Berta佑,114564,308,168
【30秒加长版】【中文字幕1080P+】【/Grand Order】第2部第2章 无间冰焰世纪 诸神的黄昏 不灭火炎的快男儿 TVCM,1:2,=_=方泊,230022,83,50
【经费燃烧/60帧】60帧给你不同的体验-最流畅的战斗,5:34,枫叶小糖,120324,387,200
【/FGO】你们老婆们的JOJO舞~黑帮摇,1:34,O一A一A,168110,148,119
【剧场版/FGO】/Grand Order -终局特异点 冠位时间神殿所罗门- Blu-ray&amp;DVD 发售告知PV【F宅/1080P+】,0:16,空灵雨迹,65337,7,96
/EXTRA CCC×/Grand Order 特别活动「BB亲的逆袭 在电子之海相遇吧！」,0:15,命运-冠位指定,192833,463,2482
【1080P】《 /stay night UBW》【第一季】【国语】（无限剑制）2014,387:37,小文嗨嗨,201158,1307,676
一口气看完【系列】最精彩最帅的22场打戏,79:33,酋长气质的笨小鬼,16896,45,33
【2021年6月/OVA】FGO嘉年华 新作OVA「/Grand Carnival」发售决定PV【MCE汉化组】,0:16,夏日幻听,196010,19,234
/stay night HF线第三章春之歌 预告,1:19,小妖小妖ol,231558,46,798
【熟肉】【毒舌老外】【gigguk】30分钟将整个系列解释得稀烂,31:11,火柴的火花,76841,947,630
【FGO/坂本真绫】命运-冠位指定(/Grand Order) 第二部 后半部分OP动画「跃动」【F宅/1080P+】,1:41,空灵雨迹,165267,143,510
【/高燃】苦肝三年，一朝弑神！FGO五周年纪念，哔哩哔哩干杯（ ゜- ゜）つロ！！！,3:52,二拾又五,95999,235,245
【DRAMA】/Prototype 苍银的碎片1-东京圣杯战争-CD1[BH打杂组],74:16,花灼羽翼,159238,2037,349
【/GO日服】官方玩笑最为致命！一回合盐川飞Ma局,1:31,近衛君,237930,608,978
【2017年】/EXTRA Last Encore TV动画化PV,0:42,Rin_kana373,229172,500,775
【/宝具解放/高帅】我不会温柔地杀掉你的,2:20,某二丶,150899,221,355
『/fgo』小莫的千层套路,1:10,鸽鸽楽,165922,80,292
【熟肉】FGO Fes.2017 嘉宾：岛崎信长「/Grand Order 迦勒底广播局」Day2【胡馆长字幕组】,36:3,是假发不是特效,187261,4966,542
【鬼灭之刃 x 】全站最还原！违和感归零的OP制作第二弹——Brave Shine版鬼灭之刃OP,2:8,Berta佑,114564,308,168
【30秒加长版】【中文字幕1080P+】【/Grand Order】第2部第2章 无间冰焰世纪 诸神的黄昏 不灭火炎的快男儿 TVCM,1:2,=_=方泊,230022,83,50
【经费燃烧/60帧】60帧给你不同的体验-最流畅的战斗,5:34,枫叶小糖,120324,387,200
【/FGO】你们老婆们的JOJO舞~黑帮摇,1:34,O一A一A,168110,148,119
【剧场版/FGO】/Grand Order -终局特异点 冠位时间神殿所罗门- Blu-ray&amp;DVD 发售告知PV【F宅/1080P+】,0:16,空灵雨迹,65337,7,96
【】saber、樱、凛的官方后宫教程（失败版）,3:28,旧番就是昨天的番,15116,157,35
【JOJO x 】惨遭删减的JOJO版系列OP【# 第二期】,1:31,Berta佑,112567,238,298
【/hollow ataraxia】11,43:31,苍月QB,6349,3,49
【10月】/Grand Order 超古代新选组列传 咕哒咕哒邪马台国2020 动画CM【MCE汉化组】,0:39,夏日幻听,193142,27,302
【英灵档案】中的黄衣之王哈斯塔,6:25,小贝初号机,37745,18,115
【鬼泣5】 May Cry【尼禄&amp;高文&amp;卫宫MOD】,11:46,幻想終焉,16307,86,84
"【住手，你们不要打了第二期】屠龙之巅,齐格飞与齐格鲁德的尬舞对决",1:28,小贝初号机,188309,221,484
.HF.Ⅲ  Saber vs Rider 宝具对轰 1080p 60帧,1:47,菜伦,178583,105,588
【/全系列/燃】英灵对决 宝具全开！,7:20,某二丶,178987,302,195
【/Grand Order】限时联动角色「钟离：尘世闲游」,1:14,白石泽林,132856,130,3740
【】五战三线中闪闪都是怎么浪死的,5:21,闲鱼风,165997,493,1896
【】召唤英灵台词教学！,7:13,一人役配音,91238,217,285
Does an angel contemplate my ..,4:9,夏亚的天空2021,10203,175,212
惊艳!!!街头现场连唱《/Zero》三连曲!!!路人都燃起来了!!!,5:55,樱萍Apple,67760,2900,219
 prototype 苍银的碎片 第1～5巻最新告知CM+試聴映像,66:28,蒼崎あおこ,180971,434,741
【MAD/AMV//Apocrypha】梵天呀，诅咒吾身-施舍之英雄-太阳神苏利耶之子-小太阳伽尔纳 - Bird,5:33,迦银儿,175906,902,391
【/Zero】测一测，你会是哪一位英灵？,3:5,無灬月月,113812,1371,926
版《回家的诱惑》卫宫家今天的♂饭,2:27,佐佐木君LeftMK,169849,770,423
【中文字幕1080P+】【/StayNight HF剧场版第二章】lost butterfly 特報第1弾,1:31,=_=方泊,219911,151,627
T1 vs LSB 48分钟牵扯！ Faker对线淡定单杀  妖姬poke偷伤害44k输出！ Game 2 | 2021 LCK夏季季后赛精华 High,12:12,最强联盟,93912,464,847
【/Grand Order】五周年纪念_阿尔托莉雅·Caster_Live2D皮肤实装展示，这就叫玩家的执念！！,5:19,草明啊草明,72710,265,656
【 HF】〔间桐脏砚〕太不可思议！俊朗的青年竟然变成了丑陋的虫子？！,3:14,月笼纱え,175677,154,475
【中日字幕】【 grand order】KOCHO《明鏡肆水》,5:26,火無敵國中生,172895,35,116
【剧场版/12月/FGO】/Grand Order -神圣圆桌领域卡美洛- 前篇Wandering；Agateram 正式预告【F宅/1080P+】,1:45,空灵雨迹,153375,103,369
【/MMD】直至将双方的感情卸下~乙女解剖~,1:41,虞妙弋_,3645,1,47
用B站万恶之源打开,1:2,白玉楼夜枫冥,113534,329,74
【\全程超燃\疯狂踩点】英灵聚集 史上最燃！！！ 戴好耳机！不要眨眼！观看一场视觉盛宴！,4:6,宗すけ,7064,12,40
【/hollow ataraxia】13,122:18,苍月QB,2555,1,248
【/英灵史诗】Lancer英雄谭,4:40,节能的老君,101651,377,236
【恶搞】【渣男向】后宫王卫宫士郎的千层套路 ##,2:3,杀猪刀QL,137786,191,397
史上最烧经费打戏！前方高能 这TM才叫燃 黑化-视觉盛宴,3:19,晴大宝贝i,137953,295,189
【瞳瞳】我不光要砌墙!唱歌!Cos!还要开包!!超强演绎~last stardust!,9:43,我是瞳瞳啊,86886,692,472
【开箱】aniplex  15周年纪念 saber泰迪熊,5:56,正直少年李发卡,26213,304,260
「/Grand Order」最新活动曲「私の銀河」完整版中日歌詞／謎のアイドルX〔オルタ〕(CV：川澄綾子),4:24,百億_光年,101958,24,153
【】带你认识  系列各作品中 英灵卫宫（红A）（上）,54:45,激萌の堕酱,104882,799,327
【中文翻译】剧场版动画《/Grand Order 神圣圆桌领域 卡美洛- 前篇》第三弹预告，12月5日上映,1:33,AVALON-永远的理想乡,160071,137,439
【传说之下动画】安戴因机甲战 - Inverted  翻译,27:33,ssxxzzyy9,151306,416,193
【10月/FGO嘉年华/门胁舞以&amp;高桥李依】/Grand Carnival 第二季 BD发售CM【MCE汉化组】,0:32,夏日幻听MCE,69692,3,62
【】带你认识  系列各作品中的 卫宫士郎（千子村正篇）,25:23,激萌の堕酱,127426,327,220
最悲壮的英雄小太阳迦尔纳 创造神梵天早已断言他的命运,15:1,星月丶DF,24130,70,118
你见过如此可爱而又正经的吗？堪比幻想嘉年华！（下）,1:38,雷霆thunderclap,179988,226,92
【MAD】/stay night -UBW- 「剑之心象」(完整版),10:55,真祖之契,134653,2018,273
被呆毛王所不认可的孝子（stay night与apocrypha）,3:1,sabexcalibur,7306,13,35
《/Grand Order Arcade》虞美人 (Lancer)的近距离欣赏,7:29,春天小饼,90132,91,392
[ takt op.Destiny]就是原板，正统续做（迫真,1:41,优雅好人,57154,60,233
【BD预售告知】/kaleid liner 魔法少女☆伊莉雅 Licht 无名的少女__パッケージCM（Blu-ray＆DVD2022年3月30日发售）,0:16,かぐらひかり,33202,1,114
【1080P】『/EXTRA Record』玉藻前 宝具动画,0:39,莉莎娜,145196,42,191
【】焰红蔷薇的绽放 | 尼禄生贺剪辑,5:37,唐氏逸云,22169,19,65
前方泪目！十年后的你还会坚持看吗？系列高燃混剪！,2:46,凛也是正义の伙伴,78503,534,238
史上最全金闪闪战斗合集（二：/stay night ubw）,18:12,破晓的辣子姬,150117,1288,655
【FGO】/Grand Order 2020年泳装活动 TVCM「servant summer camp~伽勒底·惊悚之夜~」【F宅/1080P+】,0:16,空灵雨迹,154550,38,187
【/Grand Order】官方 最新TVCM『FGO资讯』,0:16,沐艾菌,170803,208,349
【剧场版】/Grand Order 神圣圆桌领域卡美洛 新视觉PV,0:52,红猫耳,148710,139,403
〔/Apocrypha〕整季最爆燃的一段了吧 刀刀见红 ！,1:26,我宣布这里是后宫tv,42641,23,48
（嘉年华）为master闹别扭的艾蕾酱好可爱。,1:27,龙傲天不傲天,63935,35,53
：“圣剑已归还，挺起胸膛吧，亚瑟王最初与最后的骑士！”,1:6,渔肆,17260,104,18
【 Grand混剪】这将是颜值中的天花板 战斗力爆表的英灵们,3:5,果冻lv4,41889,42,41
